"STATION","DATE","LATITUDE","LONGITUDE","ELEVATION","NAME","TEMP","TEMP_ATTRIBUTES","DEWP","DEWP_ATTRIBUTES","SLP","SLP_ATTRIBUTES","STP","STP_ATTRIBUTES","VISIB","VISIB_ATTRIBUTES","WDSP","WDSP_ATTRIBUTES","MXSPD","GUST","MAX","MAX_ATTRIBUTES","MIN","MIN_ATTRIBUTES","PRCP","PRCP_ATTRIBUTES","SNDP","FRSHTT"
"A0000953862","2019-01-01","30.07194","-83.57361","13.7","PERRY FOLEY AIRPORT, FL US","  72.4","24","  67.3","24","9999.9"," 0","019.2","24","  9.8","24","  5.8","24"," 11.1"," 15.0","  79.9","*","  67.6","*"," 0.00","I","999.9","000000"
"A0000953862","2019-01-02","30.07194","-83.57361","13.7","PERRY FOLEY AIRPORT, FL US","  66.9","24","  64.0","24","9999.9"," 0","020.2","24","  3.2","24","  1.2","24","  8.0","999.9","  79.3","*","  61.0","*"," 0.00","I","999.9","100000"
"A0000953862","2019-01-03","30.07194","-83.57361","13.7","PERRY FOLEY AIRPORT, FL US","  65.8","24","  63.8","24","9999.9"," 0","016.2","24","  6.8","24","  2.9","24","  8.9"," 14.0","  74.5","*","  58.5","*","99.99"," ","999.9","110000"
"A0000953862","2019-01-04","30.07194","-83.57361","13.7","PERRY FOLEY AIRPORT, FL US","  66.7","24","  65.1","24","9999.9"," 0","012.1","24","  4.8","24","  6.0","24"," 13.0"," 22.0","  70.0","*","  57.6","*","99.99"," ","999.9","010000"
"A0000953862","2019-01-05","30.07194","-83.57361","13.7","PERRY FOLEY AIRPORT, FL US","  55.4","24","  46.2","24","9999.9"," 0","014.7","24"," 10.0","24","  7.9","24"," 14.0"," 19.0","  61.3","*","  46.4","*"," 0.00","I","999.9","000000"
"A0000953862","2019-01-06","30.07194","-83.57361","13.7","PERRY FOLEY AIRPORT, FL US","  52.2","24","  44.1","24","9999.9"," 0","019.9","24","  8.7","24","  0.7","24","  5.1","999.9","  70.3","*","  40.1","*"," 0.00","I","999.9","100000"
"A0000953862","2019-01-07","30.07194","-83.57361","13.7","PERRY FOLEY AIRPORT, FL US","  54.6","24","  47.8","24","9999.9"," 0","022.0","24","  8.0","24","  1.9","24","  8.9","999.9","  74.3","*","  41.0","*"," 0.00","I","999.9","000000"
"A0000953862","2019-01-08","30.07194","-83.57361","13.7","PERRY FOLEY AIRPORT, FL US","  57.3","24","  53.0","24","9999.9"," 0","021.3","24","  7.0","24","  2.1","24","  8.9","999.9","  72.9","*","  47.3","*"," 0.00","I","999.9","100000"
"A0000953862","2019-01-09","30.07194","-83.57361","13.7","PERRY FOLEY AIRPORT, FL US","  58.1","24","  46.5","24","9999.9"," 0","019.4","24","  5.6","24","  5.0","24"," 13.0"," 19.0","  64.8","*","  51.6","*"," 0.00","I","999.9","100000"
"A0000953862","2019-01-10","30.07194","-83.57361","13.7","PERRY FOLEY AIRPORT, FL US","  47.7","24","  27.6","24","9999.9"," 0","019.3","24","  9.8","24","  5.8","24","  9.9"," 17.1","  58.3","*","  39.6","*"," 0.00","I","999.9","000000"
"A0000953862","2019-01-11","30.07194","-83.57361","13.7","PERRY FOLEY AIRPORT, FL US","  44.6","24","  35.3","24","9999.9"," 0","021.6","24","  9.5","24","  1.7","24","  8.0","999.9","  64.0","*","  29.8","*"," 0.00","I","999.9","000000"
"A0000953862","2019-01-12","30.07194","-83.57361","13.7","PERRY FOLEY AIRPORT, FL US","  58.1","24","  47.4","24","9999.9"," 0","021.9","24"," 10.0","24","  5.6","24"," 12.0"," 15.9","  75.2","*","  47.8","*"," 0.00","I","999.9","000000"
"A0000953862","2019-01-13","30.07194","-83.57361","13.7","PERRY FOLEY AIRPORT, FL US","  66.0","24","  58.4","24","9999.9"," 0","018.4","24","  9.5","24","  4.6","24","  8.9","999.9","  75.6","*","  58.5","*","99.99"," ","999.9","010000"
"A0000953862","2019-01-14","30.07194","-83.57361","13.7","PERRY FOLEY AIRPORT, FL US","  54.1","24","  47.5","24","9999.9"," 0","021.5","24","  9.2","24","  5.1","24"," 11.1"," 17.1","  59.9","*","  50.7","*"," 0.00","I","999.9","100000"
"A0000953862","2019-01-15","30.07194","-83.57361","13.7","PERRY FOLEY AIRPORT, FL US","  49.4","24","  39.7","24","9999.9"," 0","022.8","24"," 10.0","24","  4.2","24","  8.0","999.9","  55.0","*","  44.8","*"," 0.00","I","999.9","000000"
"A0000953862","2019-01-16","30.07194","-83.57361","13.7","PERRY FOLEY AIRPORT, FL US","  44.5","24","  36.4","24","9999.9"," 0","023.8","24","  8.9","24","  1.9","24","  6.0","999.9","  60.8","*","  35.2","*"," 0.00","I","999.9","000000"
"A0000953862","2019-01-17","30.07194","-83.57361","13.7","PERRY FOLEY AIRPORT, FL US","  46.8","24","  36.3","24","9999.9"," 0","023.3","24","  6.5","24","  1.3","24"," 11.1","999.9","  68.2","*","  32.0","*"," 0.00","I","999.9","100000"
"A0000953862","2019-01-18","30.07194","-83.57361","13.7","PERRY FOLEY AIRPORT, FL US","  57.7","24","  50.3","24","9999.9"," 0","020.1","24"," 10.0","24","  2.5","24","  9.9","999.9","  70.7","*","  47.7","*"," 0.00","I","999.9","000000"
"A0000953862","2019-01-19","30.07194","-83.57361","13.7","PERRY FOLEY AIRPORT, FL US","  63.7","24","  55.4","24","9999.9"," 0","014.6","24"," 10.0","24","  6.5","24"," 17.1"," 25.1","  73.6","*","  57.4","*","99.99"," ","999.9","010000"
"A0000953862","2019-01-20","30.07194","-83.57361","13.7","PERRY FOLEY AIRPORT, FL US","  55.1","24","  47.7","24","9999.9"," 0","009.6","24","  9.8","24"," 11.5","24"," 18.1"," 28.0","  68.4","*","  41.5","*","99.99"," ","999.9","010010"
"A0000953862","2019-01-21","30.07194","-83.57361","13.7","PERRY FOLEY AIRPORT, FL US","  41.4","24","  29.9","24","9999.9"," 0","023.9","24"," 10.0","24","  4.8","24","  9.9","999.9","  56.8","*","  32.0","*"," 0.00","I","999.9","000000"
"A0000953862","2019-01-22","30.07194","-83.57361","13.7","PERRY FOLEY AIRPORT, FL US","  50.4","24","  38.6","24","9999.9"," 0","027.9","24"," 10.0","24","  6.9","24"," 14.0"," 20.0","  72.3","*","  37.4","*"," 0.00","I","999.9","000000"
"A0000953862","2019-01-23","30.07194","-83.57361","13.7","PERRY FOLEY AIRPORT, FL US","  66.4","24","  53.6","24","9999.9"," 0","021.6","24"," 10.0","24","  9.4","24"," 21.0"," 28.9","  79.7","*","  57.7","*"," 0.00","I","999.9","000000"
"A0000953862","2019-01-24","30.07194","-83.57361","13.7","PERRY FOLEY AIRPORT, FL US","  63.8","24","  57.1","24","9999.9"," 0","010.8","24","  8.7","24"," 10.4","24"," 17.1"," 21.0","  71.8","*","  50.7","*","99.99"," ","999.9","010010"
"A0000953862","2019-01-25","30.07194","-83.57361","13.7","PERRY FOLEY AIRPORT, FL US","  45.7","24","  33.0","24","9999.9"," 0","020.8","24"," 10.0","24","  5.9","24"," 12.0"," 18.1","  60.1","*","  34.5","*"," 0.00","I","999.9","000000"
"A0000953862","2019-01-26","30.07194","-83.57361","13.7","PERRY FOLEY AIRPORT, FL US","  46.6","24","  31.6","24","9999.9"," 0","023.7","24"," 10.0","24","  3.0","24"," 11.1"," 15.9","  57.9","*","  34.0","*"," 0.00","I","999.9","000000"
"A0000953862","2019-01-27","30.07194","-83.57361","13.7","PERRY FOLEY AIRPORT, FL US","  46.2","24","  32.9","24","9999.9"," 0","018.9","24"," 10.0","24","  3.3","24","  8.0","999.9","  50.2","*","  42.1","*","99.99"," ","999.9","010000"
"A0000953862","2019-01-28","30.07194","-83.57361","13.7","PERRY FOLEY AIRPORT, FL US","  47.5","24","  36.7","24","9999.9"," 0","015.7","24","  8.2","24","  2.0","24","  8.9","999.9","  62.1","*","  32.0","*","99.99"," ","999.9","110000"
"A0000953862","2019-01-29","30.07194","-83.57361","13.7","PERRY FOLEY AIRPORT, FL US","  46.7","24","  42.6","24","9999.9"," 0","015.5","24","  8.9","24","  2.1","24","  8.9","999.9","  58.3","*","  37.0","*","99.99"," ","999.9","010000"
"A0000953862","2019-01-30","30.07194","-83.57361","13.7","PERRY FOLEY AIRPORT, FL US","  43.0","24","  28.8","24","9999.9"," 0","021.1","24","  9.8","24","  7.3","24"," 13.0"," 19.0","  49.8","*","  33.8","*","99.99"," ","999.9","010000"
"A0000953862","2019-01-31","30.07194","-83.57361","13.7","PERRY FOLEY AIRPORT, FL US","  41.1","23","  25.6","23","9999.9"," 0","026.2","23"," 10.0","23","  3.9","23"," 12.0"," 19.0","  61.9","*","  28.6","*"," 0.00","I","999.9","000000"
"A0000953862","2019-02-01","30.07194","-83.57361","13.7","PERRY FOLEY AIRPORT, FL US","  52.3","24","  37.6","24","9999.9"," 0","024.0","24"," 10.0","24","  5.1","24","  8.9","999.9","  61.5","*","  45.3","*","99.99"," ","999.9","010000"
"A0000953862","2019-02-02","30.07194","-83.57361","13.7","PERRY FOLEY AIRPORT, FL US","  57.9","24","  56.4","24","9999.9"," 0","021.0","24","  7.9","24","  4.5","24","  9.9"," 14.0","  65.3","*","  55.2","*","99.99"," ","999.9","010010"
"A0000953862","2019-02-03","30.07194","-83.57361","13.7","PERRY FOLEY AIRPORT, FL US","  61.1","24","  59.9","24","9999.9"," 0","016.2","24","  7.3","24","  2.8","24","  7.0","999.9","  66.2","*","  58.1","*","99.99"," ","999.9","010000"
"A0000953862","2019-02-04","30.07194","-83.57361","13.7","PERRY FOLEY AIRPORT, FL US","  58.8","24","  55.7","24","9999.9"," 0","016.5","24","  6.8","24","  1.3","24","  8.0","999.9","  69.4","*","  49.3","*"," 0.00","I","999.9","100000"
"A0000953862","2019-02-05","30.07194","-83.57361","13.7","PERRY FOLEY AIRPORT, FL US","  58.7","24","  54.1","24","9999.9"," 0","017.8","24","  4.9","24","  1.3","24","  7.0","999.9","  76.3","*","  48.6","*"," 0.00","I","999.9","100000"
"A0000953862","2019-02-06","30.07194","-83.57361","13.7","PERRY FOLEY AIRPORT, FL US","  61.8","24","  55.2","24","9999.9"," 0","019.4","24","  6.6","24","  2.6","24","  9.9","999.9","  78.4","*","  50.5","*"," 0.00","I","999.9","100000"
"A0000953862","2019-02-07","30.07194","-83.57361","13.7","PERRY FOLEY AIRPORT, FL US","  63.2","24","  56.4","24","9999.9"," 0","019.7","24","  8.6","24","  2.5","24","  9.9"," 14.0","  79.2","*","  51.8","*"," 0.00","I","999.9","100000"
"A0000953862","2019-02-08","30.07194","-83.57361","13.7","PERRY FOLEY AIRPORT, FL US","  62.3","24","  58.0","24","9999.9"," 0","021.4","24","  5.5","24","  2.3","24","  9.9","999.9","  76.3","*","  51.3","*"," 0.00","I","999.9","100000"
"A0000953862","2019-02-09","30.07194","-83.57361","13.7","PERRY FOLEY AIRPORT, FL US","  59.9","24","  38.7","24","9999.9"," 0","027.5","24","  9.9","24","  8.3","24"," 13.0"," 19.0","  68.5","*","  50.4","*"," 0.00","I","999.9","000000"
"A0000953862","2019-02-10","30.07194","-83.57361","13.7","PERRY FOLEY AIRPORT, FL US","  60.2","24","  51.6","24","9999.9"," 0","027.3","24","  9.8","24","  7.3","24"," 11.1"," 18.1","  71.1","*","  54.5","*","99.99"," ","999.9","010000"
"A0000953862","2019-02-11","30.07194","-83.57361","13.7","PERRY FOLEY AIRPORT, FL US","  66.4","24","  62.1","24","9999.9"," 0","020.4","24","  5.4","24","  5.3","24"," 12.0"," 15.9","  79.7","*","  59.9","*","99.99"," ","999.9","010000"
"A0000953862","2019-02-12","30.07194","-83.57361","13.7","PERRY FOLEY AIRPORT, FL US","  67.1","24","  64.5","24","9999.9"," 0","015.7","24","  7.2","24","  5.2","24"," 19.0"," 22.9","  76.6","*","  58.3","*","99.99"," ","999.9","110000"
"A0000953862","2019-02-13","30.07194","-83.57361","13.7","PERRY FOLEY AIRPORT, FL US","  57.5","24","  46.1","24","9999.9"," 0","018.5","24","  9.5","24","  6.1","24"," 15.9"," 24.1","  62.6","*","  49.5","*","99.99"," ","999.9","010000"
"A0000953862","2019-02-14","30.07194","-83.57361","13.7","PERRY FOLEY AIRPORT, FL US","  48.7","24","  35.0","24","9999.9"," 0","019.6","24"," 10.0","24","  1.2","24","  8.0","999.9","  68.0","*","  32.9","*"," 0.00","I","999.9","000000"
"A0000953862","2019-02-15","30.07194","-83.57361","13.7","PERRY FOLEY AIRPORT, FL US","  55.2","24","  43.1","24","9999.9"," 0","015.2","24","  9.6","24","  2.4","24","  9.9","999.9","  73.8","*","  40.6","*"," 0.00","I","999.9","000000"
"A0000953862","2019-02-16","30.07194","-83.57361","13.7","PERRY FOLEY AIRPORT, FL US","  62.8","24","  59.2","24","9999.9"," 0","010.4","24","  8.0","24","  5.4","24"," 15.0"," 19.0","  74.8","*","  51.3","*"," 0.00","I","999.9","100000"
"A0000953862","2019-02-17","30.07194","-83.57361","13.7","PERRY FOLEY AIRPORT, FL US","  68.4","24","  65.2","24","9999.9"," 0","011.7","24","  5.7","24","  5.4","24"," 15.9"," 20.0","  79.5","*","  62.1","*"," 0.00","I","999.9","100000"
"A0000953862","2019-02-18","30.07194","-83.57361","13.7","PERRY FOLEY AIRPORT, FL US","  72.0","24","  67.7","24","9999.9"," 0","015.4","24","  9.9","24","  8.1","24"," 12.0"," 17.1","  79.7","*","  62.6","*","99.99"," ","999.9","010000"
"A0000953862","2019-02-19","30.07194","-83.57361","13.7","PERRY FOLEY AIRPORT, FL US","  67.0","24","  50.8","24","9999.9"," 0","021.8","24"," 10.0","24","  7.7","24"," 12.0"," 18.1","  81.1","*","  61.7","*"," 0.00","I","999.9","000000"
"A0000953862","2019-02-20","30.07194","-83.57361","13.7","PERRY FOLEY AIRPORT, FL US","  64.7","24","  60.2","24","9999.9"," 0","018.8","24","  8.3","24","  7.8","24"," 20.0"," 31.1","  82.2","*","  55.8","*","99.99"," ","999.9","010000"
"A0000953862","2019-02-21","30.07194","-83.57361","13.7","PERRY FOLEY AIRPORT, FL US","  73.7","24","  67.6","24","9999.9"," 0","017.6","24","  8.4","24","  5.5","24"," 13.0"," 19.0","  84.2","*","  66.2","*"," 0.00","I","999.9","000000"
"A0000953862","2019-02-22","30.07194","-83.57361","13.7","PERRY FOLEY AIRPORT, FL US","  72.3","24","  68.4","24","9999.9"," 0","019.1","24","  5.0","24","  2.5","24","  9.9","999.9","  84.4","*","  67.3","*"," 0.00","I","999.9","100000"
"A0000953862","2019-02-23","30.07194","-83.57361","13.7","PERRY FOLEY AIRPORT, FL US","  71.8","24","  66.4","24","9999.9"," 0","018.7","24","  6.5","24","  4.6","24"," 15.9"," 21.0","  85.3","*","  61.7","*"," 0.00","I","999.9","100000"
"A0000953862","2019-02-24","30.07194","-83.57361","13.7","PERRY FOLEY AIRPORT, FL US","  70.5","24","  67.3","24","9999.9"," 0","016.3","24","  7.4","24","  7.4","24"," 18.1"," 22.9","  75.4","*","  63.1","*","99.99"," ","999.9","010000"
"A0000953862","2019-02-25","30.07194","-83.57361","13.7","PERRY FOLEY AIRPORT, FL US","  59.2","24","  35.2","24","9999.9"," 0","023.5","24","  9.8","24","  6.6","24"," 15.0"," 18.1","  71.6","*","  44.6","*"," 0.00","I","999.9","000000"
"A0000953862","2019-02-26","30.07194","-83.57361","13.7","PERRY FOLEY AIRPORT, FL US","  60.4","24","  45.0","24","9999.9"," 0","024.9","24","  9.8","24","  4.9","24"," 11.1"," 15.9","  68.2","*","  53.8","*","99.99"," ","999.9","010000"
"A0000953862","2019-02-27","30.07194","-83.57361","13.7","PERRY FOLEY AIRPORT, FL US","  65.3","24","  62.2","24","9999.9"," 0","020.2","24","  8.5","24","  1.9","24","  6.0","999.9","  71.1","*","  56.5","*","99.99"," ","999.9","110000"
"A0000953862","2019-02-28","30.07194","-83.57361","13.7","PERRY FOLEY AIRPORT, FL US","  62.9","19","  60.7","19","9999.9"," 0","017.2","19","  5.8","19","  2.3","19","  8.9","999.9","  71.2","*","  53.8","*"," 0.00","I","999.9","100000"
"A0000953862","2019-03-01","30.07194","-83.57361","13.7","PERRY FOLEY AIRPORT, FL US","  64.4","20","  63.0","19","9999.9"," 0","017.5","19","  7.7","20","  3.4","20"," 21.0"," 26.0","  72.5","*","  58.1","*","99.99"," ","999.9","010010"
"A0000953862","2019-03-02","30.07194","-83.57361","13.7","PERRY FOLEY AIRPORT, FL US","  66.0","24","  64.5","24","9999.9"," 0","017.7","24","  8.3","24","  2.8","24","  8.9","999.9","  74.1","*","  61.7","*","99.99"," ","999.9","010010"
"A0000953862","2019-03-03","30.07194","-83.57361","13.7","PERRY FOLEY AIRPORT, FL US","  70.4","24","  65.9","24","9999.9"," 0","014.4","24","  6.4","24","  6.4","24"," 19.0"," 27.0","  79.7","*","  66.2","*","99.99"," ","999.9","110000"
"A0000953862","2019-03-04","30.07194","-83.57361","13.7","PERRY FOLEY AIRPORT, FL US","  62.9","24","  57.1","24","9999.9"," 0","012.1","24","  9.4","24","  8.6","24"," 21.0"," 28.0","  72.1","*","  53.1","*","99.99"," ","999.9","010010"
"A0000953862","2019-03-05","30.07194","-83.57361","13.7","PERRY FOLEY AIRPORT, FL US","  48.0","24","  38.3","24","9999.9"," 0","018.5","24"," 10.0","24","  7.0","24"," 13.0"," 19.0","  58.6","*","  42.3","*","99.99"," ","999.9","010000"
"A0000953862","2019-03-06","30.07194","-83.57361","13.7","PERRY FOLEY AIRPORT, FL US","  48.1","19","  22.3","19","9999.9"," 0","025.3","19"," 10.0","19","  5.4","19","  9.9"," 15.9","  58.1","*","  36.5","*"," 0.00","I","999.9","000000"
"A0000953862","2019-03-07","30.07194","-83.57361","13.7","PERRY FOLEY AIRPORT, FL US","  47.5","24","  27.8","24","9999.9"," 0","026.3","24","  9.9","24","  1.5","24","  8.0","999.9","  68.7","*","  31.8","*"," 0.00","I","999.9","000000"
"A0000953862","2019-03-08","30.07194","-83.57361","13.7","PERRY FOLEY AIRPORT, FL US","  56.2","24","  45.8","24","9999.9"," 0","022.1","24"," 10.0","24","  4.5","24"," 15.9"," 20.0","  74.5","*","  42.3","*"," 0.00","I","999.9","000000"
"A0000953862","2019-03-09","30.07194","-83.57361","13.7","PERRY FOLEY AIRPORT, FL US","  62.5","24","  55.3","24","9999.9"," 0","018.2","24","  6.8","24","  3.3","24"," 13.0"," 18.1","  80.4","*","  49.6","*"," 0.00","I","999.9","100000"
"A0000953862","2019-03-10","30.07194","-83.57361","13.7","PERRY FOLEY AIRPORT, FL US","  68.5","24","  62.6","24","9999.9"," 0","018.6","24","  8.8","24","  3.5","24"," 13.0"," 20.0","  81.0","*","  57.4","*"," 0.00","I","999.9","100000"
"A0000953862","2019-03-11","30.07194","-83.57361","13.7","PERRY FOLEY AIRPORT, FL US","  69.4","24","  65.6","24","9999.9"," 0","020.5","24","  5.8","24","  2.4","24","  9.9","999.9","  80.8","*","  64.2","*"," 0.00","I","999.9","100000"
"A0000953862","2019-03-12","30.07194","-83.57361","13.7","PERRY FOLEY AIRPORT, FL US","  68.9","24","  60.7","24","9999.9"," 0","020.6","24","  8.6","24","  5.9","24"," 12.0"," 17.1","  79.9","*","  60.8","*","99.99"," ","999.9","010000"
"A0000953862","2019-03-13","30.07194","-83.57361","13.7","PERRY FOLEY AIRPORT, FL US","  67.5","24","  53.2","24","9999.9"," 0","020.1","24"," 10.0","24","  6.8","24"," 15.9"," 20.0","  81.5","*","  56.3","*"," 0.00","I","999.9","000000"
"A0000953862","2019-03-14","30.07194","-83.57361","13.7","PERRY FOLEY AIRPORT, FL US","  71.0","24","  60.1","24","9999.9"," 0","018.7","24","  9.9","24","  7.1","24"," 13.0"," 20.0","  83.1","*","  60.8","*"," 0.00","I","999.9","000000"
"A0000953862","2019-03-15","30.07194","-83.57361","13.7","PERRY FOLEY AIRPORT, FL US","  70.1","24","  64.3","24","9999.9"," 0","018.2","24","  9.3","24","  5.4","24"," 13.0"," 22.0","  82.6","*","  61.3","*"," 0.00","I","999.9","000000"
"A0000953862","2019-03-16","30.07194","-83.57361","13.7","PERRY FOLEY AIRPORT, FL US","  65.5","24","  53.7","24","9999.9"," 0","019.4","24","  9.5","24","  6.2","24"," 13.0"," 19.0","  71.4","*","  57.2","*","99.99"," ","999.9","010000"
"A0000953862","2019-03-17","30.07194","-83.57361","13.7","PERRY FOLEY AIRPORT, FL US","  55.9","24","  46.0","24","9999.9"," 0","020.2","24"," 10.0","24","  5.5","24"," 11.1"," 15.0","  63.9","*","  50.9","*","99.99"," ","999.9","010000"
"A0000953862","2019-03-18","30.07194","-83.57361","13.7","PERRY FOLEY AIRPORT, FL US","  57.1","24","  42.3","24","9999.9"," 0","020.4","24"," 10.0","24","  4.9","24"," 13.0"," 20.0","  68.9","*","  45.7","*"," 0.00","I","999.9","000000"
"A0000953862","2019-03-19","30.07194","-83.57361","13.7","PERRY FOLEY AIRPORT, FL US","  58.4","24","  40.2","24","9999.9"," 0","021.0","24"," 10.0","24","  6.0","24"," 12.0"," 17.1","  68.7","*","  49.8","*"," 0.00","I","999.9","000000"
"A0000953862","2019-03-20","30.07194","-83.57361","13.7","PERRY FOLEY AIRPORT, FL US","  58.3","24","  38.7","24","9999.9"," 0","020.1","24"," 10.0","24","  5.8","24"," 11.1"," 17.1","  71.2","*","  48.7","*"," 0.00","I","999.9","000000"
"A0000953862","2019-03-21","30.07194","-83.57361","13.7","PERRY FOLEY AIRPORT, FL US","  55.2","24","  40.9","24","9999.9"," 0","015.7","24","  9.6","24","  5.5","24"," 17.1"," 22.9","  71.6","*","  37.6","*"," 0.00","I","999.9","000000"
"A0000953862","2019-03-22","30.07194","-83.57361","13.7","PERRY FOLEY AIRPORT, FL US","  56.8","24","  39.0","24","9999.9"," 0","016.0","24"," 10.0","24","  4.8","24"," 13.0"," 17.1","  74.5","*","  43.0","*"," 0.00","I","999.9","000000"
"A0000953862","2019-03-23","30.07194","-83.57361","13.7","PERRY FOLEY AIRPORT, FL US","  56.1","24","  41.3","24","9999.9"," 0","019.9","24","  6.9","24","  1.8","24","  8.9","999.9","  78.4","*","  36.7","*"," 0.00","I","999.9","100000"
"A0000953862","2019-03-24","30.07194","-83.57361","13.7","PERRY FOLEY AIRPORT, FL US","  62.3","24","  48.0","24","9999.9"," 0","022.3","24"," 10.0","24","  4.7","24"," 12.0"," 17.1","  78.8","*","  48.9","*"," 0.00","I","999.9","000000"
"A0000953862","2019-03-25","30.07194","-83.57361","13.7","PERRY FOLEY AIRPORT, FL US","  61.8","24","  54.0","24","9999.9"," 0","018.6","24","  7.6","24","  4.3","24"," 14.0"," 20.0","  76.5","*","  47.7","*"," 0.00","I","999.9","100000"
"A0000953862","2019-03-26","30.07194","-83.57361","13.7","PERRY FOLEY AIRPORT, FL US","  66.7","24","  57.2","24","9999.9"," 0","015.0","24","  8.0","24","  4.6","24","  9.9"," 14.0","  79.2","*","  55.0","*"," 0.00","I","999.9","100000"
"A0000953862","2019-03-27","30.07194","-83.57361","13.7","PERRY FOLEY AIRPORT, FL US","  60.4","19","  52.0","19","9999.9"," 0","018.9","19","  8.9","19","  9.4","19"," 19.0"," 25.1","  68.4","*","  51.8","*","99.99"," ","999.9","010010"
"A0000953862","2019-03-29","30.07194","-83.57361","13.7","PERRY FOLEY AIRPORT, FL US","  74.8"," 4","  49.7"," 4","9999.9"," 0","018.4"," 4","999.9"," 0","  4.5"," 4"," 11.1","999.9","  78.3","*","  66.9","*"," 0.00","I","999.9","000000"
"A0000953862","2019-03-30","30.07194","-83.57361","13.7","PERRY FOLEY AIRPORT, FL US","  66.3","23","  54.8","23","9999.9"," 0","017.8","23"," 10.0","23","  5.6","23"," 15.0"," 20.0","  80.4","*","  55.8","*"," 0.00","I","999.9","000000"
"A0000953862","2019-03-31","30.07194","-83.57361","13.7","PERRY FOLEY AIRPORT, FL US","  67.4","21","  61.0","21","9999.9"," 0","014.8","21","  7.0","21","  5.2","21"," 15.9"," 20.0","  81.1","*","  57.7","*","99.99"," ","999.9","110010"
"A0000953862","2019-04-01","30.07194","-83.57361","13.7","PERRY FOLEY AIRPORT, FL US","  54.5","24","  49.7","24","9999.9"," 0","018.3","24","  9.3","24","  5.4","24","  9.9","999.9","  63.0","*","  48.7","*","99.99"," ","999.9","010000"
"A0000953862","2019-04-02","30.07194","-83.57361","13.7","PERRY FOLEY AIRPORT, FL US","  56.8","24","  50.8","24","9999.9"," 0","018.2","24","  9.3","24","  5.3","24","  8.0","999.9","  70.7","*","  50.5","*","99.99"," ","999.9","010000"
"A0000953862","2019-04-03","30.07194","-83.57361","13.7","PERRY FOLEY AIRPORT, FL US","  59.4","24","  47.5","24","9999.9"," 0","023.2","24","  8.9","24","  2.6","24","  9.9"," 15.0","  74.7","*","  45.5","*"," 0.00","I","999.9","000000"
"A0000953862","2019-04-04","30.07194","-83.57361","13.7","PERRY FOLEY AIRPORT, FL US","  65.9","24","  51.9","24","9999.9"," 0","023.6","24"," 10.0","24","  5.7","24","  9.9","999.9","  80.8","*","  51.8","*"," 0.00","I","999.9","000000"
"A0000953862","2019-04-05","30.07194","-83.57361","13.7","PERRY FOLEY AIRPORT, FL US","  68.7","24","  64.0","24","9999.9"," 0","017.9","24","  8.2","24","  5.3","24"," 11.1"," 29.9","  72.5","*","  63.5","*","99.99"," ","999.9","010010"
"A0000953862","2019-04-06","30.07194","-83.57361","13.7","PERRY FOLEY AIRPORT, FL US","  72.0","24","  67.1","24","9999.9"," 0","018.4","24","  8.2","24","  3.3","24","  8.9","999.9","  82.8","*","  65.5","*","99.99"," ","999.9","010010"
"A0000953862","2019-04-07","30.07194","-83.57361","13.7","PERRY FOLEY AIRPORT, FL US","  71.6","24","  66.4","24","9999.9"," 0","019.4","24","  6.4","24","  2.8","24"," 11.1"," 14.0","  85.5","*","  61.9","*"," 0.00","I","999.9","100000"
"A0000953862","2019-04-08","30.07194","-83.57361","13.7","PERRY FOLEY AIRPORT, FL US","  71.7","24","  67.7","24","9999.9"," 0","016.0","24","  7.5","24","  4.6","24"," 21.0"," 33.0","  82.6","*","  64.0","*","99.99"," ","999.9","110010"
"A0000953862","2019-04-09","30.07194","-83.57361","13.7","PERRY FOLEY AIRPORT, FL US","  71.3","24","  66.4","24","9999.9"," 0","009.0","24","  9.7","24","  6.9","24"," 17.1"," 22.9","  79.0","*","  65.1","*"," 0.00","I","999.9","000000"
"A0000953862","2019-04-10","30.07194","-83.57361","13.7","PERRY FOLEY AIRPORT, FL US","  68.7","24","  63.1","24","9999.9"," 0","006.7","24","  8.1","24","  3.0","24","  8.9","999.9","  82.6","*","  59.4","*"," 0.00","I","999.9","100000"
"A0000953862","2019-04-11","30.07194","-83.57361","13.7","PERRY FOLEY AIRPORT, FL US","  71.6","24","  64.1","24","9999.9"," 0","010.2","24","  9.0","24","  4.7","24"," 12.0"," 17.1","  85.1","*","  61.7","*"," 0.00","I","999.9","100000"
"A0000953862","2019-04-12","30.07194","-83.57361","13.7","PERRY FOLEY AIRPORT, FL US","  72.5","24","  65.3","24","9999.9"," 0","013.2","24","  8.6","24","  4.2","24"," 11.1"," 15.0","  83.8","*","  61.3","*"," 0.00","I","999.9","100000"
"A0000953862","2019-04-13","30.07194","-83.57361","13.7","PERRY FOLEY AIRPORT, FL US","  72.5","24","  65.7","24","9999.9"," 0","013.8","24","  9.0","24","  4.0","24"," 12.0"," 15.9","  86.5","*","  61.3","*"," 0.00","I","999.9","100000"
"A0000953862","2019-04-14","30.07194","-83.57361","13.7","PERRY FOLEY AIRPORT, FL US","  74.8","24","  71.0","24","9999.9"," 0","009.9","24","  8.6","24","  8.6","24"," 20.0"," 28.0","  81.5","*","  69.8","*","99.99"," ","999.9","010000"
"A0000953862","2019-04-15","30.07194","-83.57361","13.7","PERRY FOLEY AIRPORT, FL US","  64.5","24","  52.0","24","9999.9"," 0","013.8","24"," 10.0","24","  8.7","24"," 17.1"," 22.0","  74.7","*","  50.2","*"," 0.00","I","999.9","000000"
"A0000953862","2019-04-16","30.07194","-83.57361","13.7","PERRY FOLEY AIRPORT, FL US","  61.8","24","  44.6","24","9999.9"," 0","020.1","24"," 10.0","24","  2.2","24","  8.0","999.9","  81.3","*","  43.3","*"," 0.00","I","999.9","000000"
"A0000953862","2019-04-17","30.07194","-83.57361","13.7","PERRY FOLEY AIRPORT, FL US","  68.8","24","  58.2","24","9999.9"," 0","018.7","24","  8.5","24","  4.1","24"," 11.1","999.9","  82.9","*","  58.1","*"," 0.00","I","999.9","000000"
"A0000953862","2019-04-18","30.07194","-83.57361","13.7","PERRY FOLEY AIRPORT, FL US","  72.0","24","  61.9","24","9999.9"," 0","014.1","24"," 10.0","24","  5.8","24"," 13.0"," 19.0","  83.8","*","  62.8","*"," 0.00","I","999.9","000000"
"A0000953862","2019-04-19","30.07194","-83.57361","13.7","PERRY FOLEY AIRPORT, FL US","  73.3","24","  67.4","24","9999.9"," 0","005.8","24","  9.4","24"," 14.8","24"," 29.9"," 41.0","  77.0","*","  64.4","*","99.99"," ","999.9","010000"
"A0000953862","2019-04-20","30.07194","-83.57361","13.7","PERRY FOLEY AIRPORT, FL US","  60.5","24","  46.0","24","9999.9"," 0","010.4","24"," 10.0","24"," 11.4","24"," 20.0"," 28.9","  70.7","*","  50.9","*"," 0.00","I","999.9","000000"
"A0000953862","2019-04-21","30.07194","-83.57361","13.7","PERRY FOLEY AIRPORT, FL US","  59.6","24","  43.6","24","9999.9"," 0","016.8","24","  9.4","24","  3.7","24"," 11.1"," 17.1","  76.8","*","  42.8","*"," 0.00","I","999.9","100000"
"A0000953862","2019-04-22","30.07194","-83.57361","13.7","PERRY FOLEY AIRPORT, FL US","  63.4","24","  47.8","24","9999.9"," 0","020.1","24","  9.6","24","  1.7","24","  9.9","999.9","  82.9","*","  46.6","*"," 0.00","I","999.9","000000"
"A0000953862","2019-04-23","30.07194","-83.57361","13.7","PERRY FOLEY AIRPORT, FL US","  67.2","24","  51.8","24","9999.9"," 0","018.7","24","  9.4","24","  2.0","24"," 11.1"," 14.0","  85.1","*","  50.0","*"," 0.00","I","999.9","000000"
"A0000953862","2019-04-24","30.07194","-83.57361","13.7","PERRY FOLEY AIRPORT, FL US","  68.6","24","  57.9","24","9999.9"," 0","016.2","24","  8.9","24","  1.8","24","  8.0","999.9","  83.3","*","  56.5","*"," 0.00","I","999.9","100000"
"A0000953862","2019-04-25","30.07194","-83.57361","13.7","PERRY FOLEY AIRPORT, FL US","  67.9","24","  58.4","24","9999.9"," 0","013.8","24","  9.1","24","  3.2","24"," 13.0"," 15.9","  83.5","*","  54.9","*"," 0.00","I","999.9","100000"
"A0000953862","2019-04-26","30.07194","-83.57361","13.7","PERRY FOLEY AIRPORT, FL US","  72.4","24","  65.5","24","9999.9"," 0","010.3","24","  9.7","24","  6.0","24"," 15.0"," 22.0","  81.3","*","  64.8","*","99.99"," ","999.9","010010"
"A0000953862","2019-04-27","30.07194","-83.57361","13.7","PERRY FOLEY AIRPORT, FL US","  68.6","24","  48.9","24","9999.9"," 0","014.8","24"," 10.0","24","  4.2","24"," 11.1"," 14.0","  81.7","*","  54.7","*"," 0.00","I","999.9","000000"
"A0000953862","2019-04-28","30.07194","-83.57361","13.7","PERRY FOLEY AIRPORT, FL US","  66.0","24","  51.5","24","9999.9"," 0","016.0","24"," 10.0","24","  1.7","24","  9.9","999.9","  85.3","*","  48.6","*"," 0.00","I","999.9","000000"
"A0000953862","2019-04-29","30.07194","-83.57361","13.7","PERRY FOLEY AIRPORT, FL US","  72.1","23","  59.6","23","9999.9"," 0","018.4","23","  9.5","23","  1.9","23","  9.9","999.9","  89.6","*","  56.7","*"," 0.00","I","999.9","000000"
"A0000953862","2019-04-30","30.07194","-83.57361","13.7","PERRY FOLEY AIRPORT, FL US","  75.2","23","  64.4","23","9999.9"," 0","020.8","23","  9.6","23","  4.7","23","  9.9","999.9","  89.6","*","  61.3","*"," 0.00","I","999.9","000000"
"A0000953862","2019-05-01","30.07194","-83.57361","13.7","PERRY FOLEY AIRPORT, FL US","  78.1","21","  66.3","21","9999.9"," 0","020.7","21","  9.1","21","  6.0","21","  8.9","999.9","  89.2","*","  68.9","*"," 0.00","I","999.9","000000"
"A0000953862","2019-05-02","30.07194","-83.57361","13.7","PERRY FOLEY AIRPORT, FL US","  75.2","24","  66.4","24","9999.9"," 0","018.5","24","  9.7","24","  5.5","24"," 12.0"," 20.0","  88.3","*","  65.8","*","99.99"," ","999.9","010010"
"A0000953862","2019-05-03","30.07194","-83.57361","13.7","PERRY FOLEY AIRPORT, FL US","  75.0","24","  71.0","24","9999.9"," 0","014.4","24","  8.1","24","  3.6","24","  9.9","999.9","  85.1","*","  70.2","*","99.99"," ","999.9","110010"
"A0000953862","2019-05-04","30.07194","-83.57361","13.7","PERRY FOLEY AIRPORT, FL US","  76.2","24","  71.4","24","9999.9"," 0","012.7","24","  7.7","24","  5.0","24"," 13.0"," 19.0","  85.3","*","  67.5","*","99.99"," ","999.9","110010"
"A0000953862","2019-05-05","30.07194","-83.57361","13.7","PERRY FOLEY AIRPORT, FL US","  77.3","24","  73.3","24","9999.9"," 0","009.5","24","  9.8","24","  7.1","24"," 11.1"," 19.0","  82.8","*","  74.1","*","99.99"," ","999.9","010010"
"A0000953862","2019-05-06","30.07194","-83.57361","13.7","PERRY FOLEY AIRPORT, FL US","  75.8","24","  67.7","24","9999.9"," 0","012.3","24"," 10.0","24","  4.0","24","  8.9","999.9","  86.2","*","  66.6","*"," 0.00","I","999.9","000000"
"A0000953862","2019-05-07","30.07194","-83.57361","13.7","PERRY FOLEY AIRPORT, FL US","  76.1","24","  65.8","24","9999.9"," 0","015.9","24","  7.8","24","  1.6","24","  7.0","999.9","  91.4","*","  62.8","*"," 0.00","I","999.9","100000"
"A0000953862","2019-05-08","30.07194","-83.57361","13.7","PERRY FOLEY AIRPORT, FL US","  78.6","24","  66.4","24","9999.9"," 0","015.7","24"," 10.0","24","  5.6","24"," 13.0"," 17.1","  90.3","*","  68.7","*"," 0.00","I","999.9","000000"
"A0000953862","2019-05-09","30.07194","-83.57361","13.7","PERRY FOLEY AIRPORT, FL US","  78.4","24","  66.4","24","9999.9"," 0","015.1","24"," 10.0","24","  5.1","24","  9.9","999.9","  88.2","*","  70.7","*"," 0.00","I","999.9","000000"
"A0000953862","2019-05-10","30.07194","-83.57361","13.7","PERRY FOLEY AIRPORT, FL US","  78.1","24","  71.6","24","9999.9"," 0","015.1","24"," 10.0","24","  4.8","24","  8.9","999.9","  87.8","*","  71.6","*","99.99"," ","999.9","010000"
"A0000953862","2019-05-11","30.07194","-83.57361","13.7","PERRY FOLEY AIRPORT, FL US","  77.9","24","  71.6","24","9999.9"," 0","013.9","24"," 10.0","24","  5.5","24"," 13.0"," 20.0","  87.1","*","  69.8","*"," 0.00","I","999.9","000000"
"A0000953862","2019-05-12","30.07194","-83.57361","13.7","PERRY FOLEY AIRPORT, FL US","  76.1","24","  72.5","24","9999.9"," 0","011.0","24","  7.6","24","  5.0","24"," 28.0"," 40.0","  85.3","*","  69.6","*","99.99"," ","999.9","110010"
"A0000953862","2019-05-13","30.07194","-83.57361","13.7","PERRY FOLEY AIRPORT, FL US","  75.0","24","  69.5","24","9999.9"," 0","009.5","24","  8.4","24","  5.0","24"," 15.9"," 20.0","  86.0","*","  66.6","*"," 0.00","I","999.9","100000"
"A0000953862","2019-05-14","30.07194","-83.57361","13.7","PERRY FOLEY AIRPORT, FL US","  74.2","24","  60.4","24","9999.9"," 0","012.1","24"," 10.0","24","  4.3","24"," 11.1"," 17.1","  82.8","*","  63.5","*"," 0.00","I","999.9","000000"
"A0000953862","2019-05-15","30.07194","-83.57361","13.7","PERRY FOLEY AIRPORT, FL US","  72.1","24","  55.9","24","9999.9"," 0","013.9","24","  9.4","24","  2.1","24","  7.0","999.9","  86.7","*","  55.4","*"," 0.00","I","999.9","100000"
"A0000953862","2019-05-16","30.07194","-83.57361","13.7","PERRY FOLEY AIRPORT, FL US","  73.9","24","  59.6","24","9999.9"," 0","015.1","24","  9.9","24","  2.7","24","  9.9","999.9","  89.4","*","  59.4","*"," 0.00","I","999.9","000000"
"A0000953862","2019-05-17","30.07194","-83.57361","13.7","PERRY FOLEY AIRPORT, FL US","  75.0","24","  66.7","24","9999.9"," 0","015.1","24","  9.3","24","  3.1","24"," 12.0"," 14.0","  87.4","*","  62.4","*","99.99"," ","999.9","010010"
"A0000953862","2019-05-18","30.07194","-83.57361","13.7","PERRY FOLEY AIRPORT, FL US","  76.3","24","  68.5","24","9999.9"," 0","015.0","24","  6.6","24","  2.4","24"," 13.0"," 22.0","  91.0","*","  64.9","*","99.99"," ","999.9","110010"
"A0000953862","2019-05-19","30.07194","-83.57361","13.7","PERRY FOLEY AIRPORT, FL US","  77.0","24","  67.6","24","9999.9"," 0","015.0","24","  9.2","24","  2.8","24"," 12.0"," 14.0","  90.1","*","  66.9","*"," 0.00","I","999.9","000000"
"A0000953862","2019-05-20","30.07194","-83.57361","13.7","PERRY FOLEY AIRPORT, FL US","  77.8","24","  67.1","24","9999.9"," 0","015.2","24","  8.4","24","  2.6","24"," 11.1"," 15.0","  91.6","*","  65.3","*"," 0.00","I","999.9","100000"
"A0000953862","2019-05-21","30.07194","-83.57361","13.7","PERRY FOLEY AIRPORT, FL US","  78.5","24","  63.8","24","9999.9"," 0","012.9","24"," 10.0","24","  2.5","24"," 11.1"," 17.1","  93.7","*","  64.2","*"," 0.00","I","999.9","000000"
"A0000953862","2019-05-22","30.07194","-83.57361","13.7","PERRY FOLEY AIRPORT, FL US","  80.0","24","  71.4","24","9999.9"," 0","015.2","24","  9.8","24","  2.0","24"," 17.1"," 22.0","  93.0","*","  70.3","*","99.99"," ","999.9","010000"
"A0000953862","2019-05-23","30.07194","-83.57361","13.7","PERRY FOLEY AIRPORT, FL US","  80.2","24","  68.5","24","9999.9"," 0","019.8","24"," 10.0","23","  3.7","24"," 11.1"," 15.9","  93.4","*","  66.9","*"," 0.00","I","999.9","000000"
"A0000953862","2019-05-24","30.07194","-83.57361","13.7","PERRY FOLEY AIRPORT, FL US","  80.8","24","  64.7","24","9999.9"," 0","019.3","24","  9.9","20","  4.3","24","  9.9"," 15.9","  95.9","*","  64.4","*"," 0.00","I","999.9","100000"
"A0000953862","2019-05-25","30.07194","-83.57361","13.7","PERRY FOLEY AIRPORT, FL US","  83.1","24","  68.3","24","9999.9"," 0","018.0","24","  9.9","20","  2.8","24","  7.0","999.9","  98.6","*","  68.4","*"," 0.00","I","999.9","000000"
"A0000953862","2019-05-26","30.07194","-83.57361","13.7","PERRY FOLEY AIRPORT, FL US","  83.6","24","  71.5","24","9999.9"," 0","018.5","24"," 10.0","24","  3.9","24"," 11.1"," 15.0","  95.5","*","  71.4","*"," 0.00","I","999.9","000000"
"A0000953862","2019-05-27","30.07194","-83.57361","13.7","PERRY FOLEY AIRPORT, FL US","  82.9","24","  70.0","24","9999.9"," 0","016.3","24","  9.9","22","  4.0","24"," 14.0"," 19.0","  96.1","*","  69.8","*"," 0.00","I","999.9","000000"
"A0000953862","2019-05-28","30.07194","-83.57361","13.7","PERRY FOLEY AIRPORT, FL US","  84.2","24","  71.6","24","9999.9"," 0","013.5","24","  9.7","23","  3.2","24"," 12.0"," 15.0","  97.7","*","  72.3","*"," 0.00","I","999.9","000000"
"A0000953862","2019-05-29","30.07194","-83.57361","13.7","PERRY FOLEY AIRPORT, FL US","  83.8","24","  71.9","24","9999.9"," 0","012.7","24"," 10.0","21","  4.2","24"," 13.0"," 18.1","  94.8","*","  72.9","*"," 0.00","I","999.9","000000"
"A0000953862","2019-05-30","30.07194","-83.57361","13.7","PERRY FOLEY AIRPORT, FL US","  80.3","24","  71.9","24","9999.9"," 0","013.2","24","  6.1","18","  4.6","24"," 15.0"," 20.0","  92.1","*","  68.7","*"," 0.00","I","999.9","100000"
"A0000953862","2019-05-31","30.07194","-83.57361","13.7","PERRY FOLEY AIRPORT, FL US","  79.6","22","  73.6","22","9999.9"," 0","013.2","22","  6.8","17","  4.0","22"," 14.0"," 20.0","  91.2","*","  70.9","*","99.99"," ","999.9","110000"
"A0000953862","2019-06-01","30.07194","-83.57361","13.7","PERRY FOLEY AIRPORT, FL US","  84.2","20","  73.5","20","9999.9"," 0","011.3","20","  9.5","12","  5.4","20"," 14.0"," 19.0","  95.0","*","  74.8","*"," 0.00","I","999.9","000000"
"A0000953862","2019-06-02","30.07194","-83.57361","13.7","PERRY FOLEY AIRPORT, FL US","  81.6","24","  72.1","24","9999.9"," 0","010.7","24","  9.2","24","  4.1","24"," 13.0"," 15.9","  93.9","*","  70.3","*"," 0.00","I","999.9","100000"
"A0000953862","2019-06-03","30.07194","-83.57361","13.7","PERRY FOLEY AIRPORT, FL US","  84.0","24","  69.8","24","9999.9"," 0","012.0","24","  9.3","23","  3.4","24"," 11.1","999.9","  97.9","*","  73.0","*"," 0.00","I","999.9","000000"
"A0000953862","2019-06-04","30.07194","-83.57361","13.7","PERRY FOLEY AIRPORT, FL US","  83.9","24","  72.8","24","9999.9"," 0","014.1","24","  8.7","24","  2.9","24"," 15.9"," 22.0","  97.0","*","  72.5","*","99.99"," ","999.9","110000"
"A0000953862","2019-06-05","30.07194","-83.57361","13.7","PERRY FOLEY AIRPORT, FL US","  82.4","24","  73.6","24","9999.9"," 0","014.7","24"," 10.0","24","  3.5","24"," 13.0"," 18.1","  91.9","*","  73.4","*"," 0.00","I","999.9","000000"
"A0000953862","2019-06-06","30.07194","-83.57361","13.7","PERRY FOLEY AIRPORT, FL US","  79.3","20","  74.2","20","9999.9"," 0","012.3","20"," 10.0","20","  1.4","20"," 20.0"," 24.1","  85.1","*","  73.4","*","99.99"," ","999.9","010000"
"A0000953862","2019-06-07","30.07194","-83.57361","13.7","PERRY FOLEY AIRPORT, FL US","  78.5","24","  76.1","24","9999.9"," 0","009.7","24","  9.6","24","  4.0","24"," 11.1"," 15.9","  84.0","*","  75.2","*","99.99"," ","999.9","010010"
"A0000953862","2019-06-08","30.07194","-83.57361","13.7","PERRY FOLEY AIRPORT, FL US","  78.9","24","  74.2","24","9999.9"," 0","009.0","24","  9.4","24","  5.7","24"," 15.9"," 21.0","  86.0","*","  74.3","*","99.99"," ","999.9","010000"
"A0000953862","2019-06-09","30.07194","-83.57361","13.7","PERRY FOLEY AIRPORT, FL US","  75.3","24","  73.4","24","9999.9"," 0","010.7","24","  9.7","24","  5.5","24"," 15.9"," 20.0","  79.5","*","  73.4","*","99.99"," ","999.9","010010"
"A0000953862","2019-06-10","30.07194","-83.57361","13.7","PERRY FOLEY AIRPORT, FL US","  79.8","24","  74.4","24","9999.9"," 0","012.3","24","  9.8","24","  6.8","24"," 15.0"," 19.0","  89.8","*","  72.5","*"," 0.00","I","999.9","000000"
"A0000953862","2019-06-11","30.07194","-83.57361","13.7","PERRY FOLEY AIRPORT, FL US","  80.0","24","  74.7","24","9999.9"," 0","012.9","24","  8.6","24","  3.5","24"," 12.0"," 15.0","  89.1","*","  73.8","*","99.99"," ","999.9","010010"
"A0000953862","2019-06-12","30.07194","-83.57361","13.7","PERRY FOLEY AIRPORT, FL US","  76.5","17","  74.2","17","9999.9"," 0","011.8","17","  8.6","17","  3.0","17","  8.9","999.9","  82.0","*","  74.3","*","99.99"," ","999.9","010010"
"A0000953862","2019-06-13","30.07194","-83.57361","13.7","PERRY FOLEY AIRPORT, FL US","  79.3","24","  72.3","24","9999.9"," 0","013.7","24"," 10.0","24","  3.9","24","  8.9"," 15.9","  84.4","*","  72.1","*"," 0.00","I","999.9","000000"
"A0000953862","2019-06-14","30.07194","-83.57361","13.7","PERRY FOLEY AIRPORT, FL US","  78.2","24","  66.7","24","9999.9"," 0","017.3","24","  8.3","24","  3.1","24","  8.9"," 15.0","  89.6","*","  68.4","*"," 0.00","I","999.9","100000"
"A0000953862","2019-06-15","30.07194","-83.57361","13.7","PERRY FOLEY AIRPORT, FL US","  80.0","24","  67.9","24","9999.9"," 0","018.1","24"," 10.0","24","  4.7","24","  8.0","999.9","  90.9","*","  68.9","*"," 0.00","I","999.9","000000"
"A0000953862","2019-06-16","30.07194","-83.57361","13.7","PERRY FOLEY AIRPORT, FL US","  81.0","24","  74.2","24","9999.9"," 0","015.9","24","  9.8","24","  2.9","24"," 15.9"," 22.9","  89.6","*","  71.4","*","99.99"," ","999.9","010010"
"A0000953862","2019-06-17","30.07194","-83.57361","13.7","PERRY FOLEY AIRPORT, FL US","  77.9","24","  72.1","24","9999.9"," 0","015.5","24","  9.4","24","  3.2","24"," 13.0"," 20.0","  88.7","*","  69.8","*","99.99"," ","999.9","010010"
"A0000953862","2019-06-18","30.07194","-83.57361","13.7","PERRY FOLEY AIRPORT, FL US","  79.2","24","  75.0","24","9999.9"," 0","014.6","24","  9.7","24","  3.1","24"," 13.0"," 15.0","  89.6","*","  72.5","*","99.99"," ","999.9","010000"
"A0000953862","2019-06-19","30.07194","-83.57361","13.7","PERRY FOLEY AIRPORT, FL US","  78.0","24","  76.1","24","9999.9"," 0","012.9","24","  9.2","24","  4.3","24"," 15.9"," 31.1","  85.3","*","  74.1","*","99.99"," ","999.9","010010"
"A0000953862","2019-06-20","30.07194","-83.57361","13.7","PERRY FOLEY AIRPORT, FL US","  82.6","24","  78.1","24","9999.9"," 0","012.5","24","  8.4","24"," 10.1","24"," 20.0"," 28.0","  88.7","*","  76.1","*","99.99"," ","999.9","010010"
"A0000953862","2019-06-21","30.07194","-83.57361","13.7","PERRY FOLEY AIRPORT, FL US","  84.7","24","  80.0","24","9999.9"," 0","015.3","24","  7.1","24","  7.6","24"," 14.0"," 17.1","  91.6","*","  80.2","*","99.99"," ","999.9","010000"
"A0000953862","2019-06-22","30.07194","-83.57361","13.7","PERRY FOLEY AIRPORT, FL US","  83.7","24","  78.9","24","9999.9"," 0","017.4","24","  7.3","24","  5.4","24"," 12.0"," 15.9","  91.2","*","  76.1","*","99.99"," ","999.9","110010"
"A0000953862","2019-06-23","30.07194","-83.57361","13.7","PERRY FOLEY AIRPORT, FL US","  82.2","24","  74.5","24","9999.9"," 0","017.1","24"," 10.0","24","  4.2","24","  9.9"," 14.0","  94.1","*","  71.2","*"," 0.00","I","999.9","000000"
"A0000953862","2019-06-24","30.07194","-83.57361","13.7","PERRY FOLEY AIRPORT, FL US","  83.1","24","  76.6","24","9999.9"," 0","015.0","24","  8.4","24","  4.6","24"," 14.0"," 18.1","  92.1","*","  73.9","*"," 0.00","I","999.9","100000"
"A0000953862","2019-06-25","30.07194","-83.57361","13.7","PERRY FOLEY AIRPORT, FL US","  84.5","24","  78.2","24","9999.9"," 0","015.5","24","  7.3","24","  4.4","24"," 12.0"," 19.0","  94.8","*","  77.0","*","99.99"," ","999.9","110010"
"A0000953862","2019-06-26","30.07194","-83.57361","13.7","PERRY FOLEY AIRPORT, FL US","  83.3","24","  72.5","24","9999.9"," 0","017.8","24"," 10.0","24","  3.6","24"," 11.1"," 15.0","  93.9","*","  74.3","*","99.99"," ","999.9","010000"
"A0000953862","2019-06-27","30.07194","-83.57361","13.7","PERRY FOLEY AIRPORT, FL US","  82.1","24","  71.0","24","9999.9"," 0","018.1","24"," 10.0","24","  2.1","24"," 14.0"," 24.1","  93.4","*","  70.9","*","99.99"," ","999.9","010010"
"A0000953862","2019-06-28","30.07194","-83.57361","13.7","PERRY FOLEY AIRPORT, FL US","  81.4","24","  73.4","24","9999.9"," 0","017.8","24"," 10.0","24","  4.2","24","  9.9","999.9","  91.8","*","  73.9","*"," 0.00","I","999.9","000000"
"A0000953862","2019-06-29","30.07194","-83.57361","13.7","PERRY FOLEY AIRPORT, FL US","  80.0","23","  72.6","23","9999.9"," 0","018.0","23"," 10.0","23","  3.2","23","  8.9"," 15.9","  91.0","*","  72.0","*","99.99"," ","999.9","010010"
"A0000953862","2019-06-30","30.07194","-83.57361","13.7","PERRY FOLEY AIRPORT, FL US","  79.3","23","  74.3","23","9999.9"," 0","016.8","23","  9.1","23","  3.0","23","  7.0","999.9","  90.1","*","  72.5","*","99.99"," ","999.9","010010"
"A0000953862","2019-07-01","30.07194","-83.57361","13.7","PERRY FOLEY AIRPORT, FL US","  83.0","24","  75.8","24","9999.9"," 0","015.6","24"," 10.0","24","  3.9","24","  8.9"," 15.0","  93.6","*","  74.3","*"," 0.00","I","999.9","000000"
"A0000953862","2019-07-02","30.07194","-83.57361","13.7","PERRY FOLEY AIRPORT, FL US","  84.3","24","  76.4","24","9999.9"," 0","014.3","24","  9.9","24","  3.9","24","  8.9","999.9","  97.0","*","  74.8","*","99.99"," ","999.9","010010"
"A0000953862","2019-07-03","30.07194","-83.57361","13.7","PERRY FOLEY AIRPORT, FL US","  84.3","24","  75.5","24","9999.9"," 0","013.1","24"," 10.0","24","  3.1","24","  8.9"," 20.0","  96.1","*","  73.8","*","99.99"," ","999.9","010010"
"A0000953862","2019-07-04","30.07194","-83.57361","13.7","PERRY FOLEY AIRPORT, FL US","  83.9","24","  74.0","24","9999.9"," 0","013.8","24","  9.9","24","  2.7","24"," 14.0"," 22.9","  97.9","*","  72.9","*","99.99"," ","999.9","010010"
"A0000953862","2019-07-05","30.07194","-83.57361","13.7","PERRY FOLEY AIRPORT, FL US","  79.5","23","  74.5","23","9999.9"," 0","016.6","23","  9.9","23","  3.9","23","  8.9","999.9","  91.4","*","  73.4","*","99.99"," ","999.9","010000"
"A0000953862","2019-07-06","30.07194","-83.57361","13.7","PERRY FOLEY AIRPORT, FL US","  77.8","24","  75.2","24","9999.9"," 0","017.0","24","  9.9","24","  2.4","24","  8.0","999.9","  83.7","*","  74.3","*","99.99"," ","999.9","010010"
"A0000953862","2019-07-07","30.07194","-83.57361","13.7","PERRY FOLEY AIRPORT, FL US","  79.9","20","  75.3","20","9999.9"," 0","014.7","20","  8.0","20","  3.1","20"," 13.0"," 22.0","  93.4","*","  72.5","*","99.99"," ","999.9","110010"
"A0000953862","2019-07-10","30.07194","-83.57361","13.7","PERRY FOLEY AIRPORT, FL US","  82.1","12","  78.8","12","9999.9"," 0","013.5","12","  8.8","12","  4.4","12","  8.0"," 13.0","  85.5","*","  79.3","*","99.99"," ","999.9","010000"
"A0000953862","2019-07-11","30.07194","-83.57361","13.7","PERRY FOLEY AIRPORT, FL US","  81.7","24","  76.6","24","9999.9"," 0","012.8","24"," 10.0","24","  6.0","24","  9.9"," 15.0","  90.1","*","  76.3","*","99.99"," ","999.9","010010"
"A0000953862","2019-07-12","30.07194","-83.57361","13.7","PERRY FOLEY AIRPORT, FL US","  80.9","21","  76.3","21","9999.9"," 0","012.8","21","  9.0","21","  4.9","21","  9.9"," 21.0","  91.2","*","  75.2","*","99.99"," ","999.9","010010"
"A0000953862","2019-07-13","30.07194","-83.57361","13.7","PERRY FOLEY AIRPORT, FL US","  81.4","24","  76.3","24","9999.9"," 0","016.6","24","  9.6","24","  3.1","24","  9.9","999.9","  92.3","*","  75.2","*","99.99"," ","999.9","010000"
"A0000953862","2019-07-14","30.07194","-83.57361","13.7","PERRY FOLEY AIRPORT, FL US","  82.8","23","  76.2","23","9999.9"," 0","018.9","23","  6.8","23","  2.5","23","  8.0","999.9","  93.2","*","  74.3","*"," 0.00","I","999.9","100000"
"A0000953862","2019-07-15","30.07194","-83.57361","13.7","PERRY FOLEY AIRPORT, FL US","  83.2","21","  75.4","21","9999.9"," 0","018.2","21","  7.6","21","  1.2","21","  7.0","999.9","  96.8","*","  74.1","*"," 0.00","I","999.9","100000"
"A0000953862","2019-07-16","30.07194","-83.57361","13.7","PERRY FOLEY AIRPORT, FL US","  83.6","24","  75.0","24","9999.9"," 0","018.3","24","  9.6","24","  1.1","24"," 12.0"," 15.0","  96.8","*","  74.7","*","99.99"," ","999.9","010010"
"A0000953862","2019-07-17","30.07194","-83.57361","13.7","PERRY FOLEY AIRPORT, FL US","  81.6","24","  76.6","24","9999.9"," 0","018.3","24","  8.2","24","  1.7","24"," 18.1"," 32.1","  94.3","*","  73.8","*","99.99"," ","999.9","110010"
"A0000953862","2019-07-18","30.07194","-83.57361","13.7","PERRY FOLEY AIRPORT, FL US","  80.9","24","  74.8","24","9999.9"," 0","017.3","24","  9.3","24","  2.9","24","  9.9"," 14.0","  92.8","*","  72.1","*"," 0.00","I","999.9","000000"
"A0000953862","2019-07-19","30.07194","-83.57361","13.7","PERRY FOLEY AIRPORT, FL US","  79.4","24","  76.3","24","9999.9"," 0","017.3","24","  8.6","24","  1.0","24"," 14.0","999.9","  90.3","*","  72.9","*","99.99"," ","999.9","010010"
"A0000953862","2019-07-20","30.07194","-83.57361","13.7","PERRY FOLEY AIRPORT, FL US","  78.5","24","  73.7","24","9999.9"," 0","017.1","24","  9.8","24","  2.1","24","  9.9","999.9","  90.9","*","  71.8","*","99.99"," ","999.9","010010"
"A0000953862","2019-07-21","30.07194","-83.57361","13.7","PERRY FOLEY AIRPORT, FL US","  81.4","24","  74.2","24","9999.9"," 0","016.4","24","  9.2","24","  2.3","24"," 11.1","999.9","  94.1","*","  73.0","*","99.99"," ","999.9","010010"
"A0000953862","2019-07-22","30.07194","-83.57361","13.7","PERRY FOLEY AIRPORT, FL US","  77.0","24","  72.8","24","9999.9"," 0","015.6","24","  9.8","24","  4.0","24"," 15.0"," 22.9","  87.6","*","  70.3","*","99.99"," ","999.9","010010"
"A0000953862","2019-07-23","30.07194","-83.57361","13.7","PERRY FOLEY AIRPORT, FL US","  79.9","24","  74.7","24","9999.9"," 0","012.8","24","  7.8","24","  3.6","24"," 13.0"," 20.0","  89.6","*","  71.8","*","99.99"," ","999.9","010010"
"A0000953862","2019-07-24","30.07194","-83.57361","13.7","PERRY FOLEY AIRPORT, FL US","  77.1","24","  75.1","24","9999.9"," 0","011.6","24","  8.0","24","  2.8","24","  9.9","999.9","  86.0","*","  74.5","*","99.99"," ","999.9","010010"
"A0000953862","2019-07-25","30.07194","-83.57361","13.7","PERRY FOLEY AIRPORT, FL US","  77.8","24","  72.4","24","9999.9"," 0","014.9","24","  8.5","24","  3.8","24","  8.9","999.9","  88.7","*","  71.4","*"," 0.00","I","999.9","000000"
"A0000953862","2019-07-26","30.07194","-83.57361","13.7","PERRY FOLEY AIRPORT, FL US","  79.3","24","  72.8","24","9999.9"," 0","018.2","24","  9.7","24","  3.9","24","  8.0","999.9","  88.3","*","  72.9","*"," 0.00","I","999.9","000000"
"A0000953862","2019-07-27","30.07194","-83.57361","13.7","PERRY FOLEY AIRPORT, FL US","  78.6","24","  71.9","24","9999.9"," 0","020.3","24","  9.8","24","  4.3","24"," 12.0"," 19.0","  90.3","*","  70.7","*"," 0.00","I","999.9","000000"
"A0000953862","2019-07-28","30.07194","-83.57361","13.7","PERRY FOLEY AIRPORT, FL US","  80.5","24","  73.0","24","9999.9"," 0","019.6","24"," 10.0","24","  4.2","24"," 11.1"," 15.9","  90.5","*","  74.3","*","99.99"," ","999.9","010000"
"A0000953862","2019-07-29","30.07194","-83.57361","13.7","PERRY FOLEY AIRPORT, FL US","  79.7","23","  69.3","23","9999.9"," 0","017.1","23","  9.9","23","  2.7","23","  8.0","999.9","  92.3","*","  70.0","*"," 0.00","I","999.9","000000"
"A0000953862","2019-07-31","30.07194","-83.57361","13.7","PERRY FOLEY AIRPORT, FL US","  89.6"," 8","  74.7"," 8","9999.9"," 0","015.9"," 8"," 10.0"," 8","  1.1"," 8","  8.9","999.9","  93.2","*","  86.5","*"," 0.00","I","999.9","000000"
"A0000953862","2019-08-01","30.07194","-83.57361","13.7","PERRY FOLEY AIRPORT, FL US","  80.4","24","  74.3","24","9999.9"," 0","015.9","24","  9.9","24","  2.3","24"," 15.0"," 21.0","  88.5","*","  72.1","*","99.99"," ","999.9","010010"
"A0000953862","2019-08-02","30.07194","-83.57361","13.7","PERRY FOLEY AIRPORT, FL US","  78.6","24","  72.2","24","9999.9"," 0","014.1","24","  9.6","24","  4.3","24"," 13.0"," 18.1","  91.2","*","  70.3","*","99.99"," ","999.9","010000"
"A0000953862","2019-08-03","30.07194","-83.57361","13.7","PERRY FOLEY AIRPORT, FL US","  79.7","24","  73.8","24","9999.9"," 0","012.7","24","  9.0","24","  2.1","24","  8.0","999.9","  91.9","*","  71.6","*","99.99"," ","999.9","010000"
"A0000953862","2019-08-04","30.07194","-83.57361","13.7","PERRY FOLEY AIRPORT, FL US","  81.1","24","  73.8","24","9999.9"," 0","013.3","24"," 10.0","24","  2.6","24"," 11.1"," 14.0","  92.3","*","  70.7","*"," 0.00","I","999.9","000000"
"A0000953862","2019-08-05","30.07194","-83.57361","13.7","PERRY FOLEY AIRPORT, FL US","  79.1","24","  75.3","24","9999.9"," 0","013.7","24","  8.8","24","  2.8","24"," 13.0"," 15.9","  86.5","*","  72.9","*","99.99"," ","999.9","010010"
"A0000953862","2019-08-06","30.07194","-83.57361","13.7","PERRY FOLEY AIRPORT, FL US","  80.0","24","  75.3","24","9999.9"," 0","013.5","24"," 10.0","24","  2.3","24"," 12.0"," 15.0","  90.3","*","  73.4","*","99.99"," ","999.9","010000"
"A0000953862","2019-08-07","30.07194","-83.57361","13.7","PERRY FOLEY AIRPORT, FL US","  81.4","24","  77.1","24","9999.9"," 0","012.7","24","  9.5","24","  3.0","24"," 14.0"," 22.0","  91.4","*","  74.3","*","99.99"," ","999.9","010010"
"A0000953862","2019-08-08","30.07194","-83.57361","13.7","PERRY FOLEY AIRPORT, FL US","  80.8","24","  76.8","24","9999.9"," 0","013.0","24","  8.7","24","  3.1","24"," 20.0"," 29.9","  91.9","*","  75.4","*","99.99"," ","999.9","010010"
"A0000953862","2019-08-09","30.07194","-83.57361","13.7","PERRY FOLEY AIRPORT, FL US","  83.6","24","  78.6","24","9999.9"," 0","012.8","24","  8.8","24","  4.0","24"," 11.1"," 17.1","  92.1","*","  76.8","*"," 0.00","I","999.9","100000"
"A0000953862","2019-08-10","30.07194","-83.57361","13.7","PERRY FOLEY AIRPORT, FL US","  85.3","24","  79.7","24","9999.9"," 0","012.6","24","  8.7","24","  3.8","24"," 12.0"," 15.9","  94.3","*","  78.4","*"," 0.00","I","999.9","000000"
"A0000953862","2019-08-11","30.07194","-83.57361","13.7","PERRY FOLEY AIRPORT, FL US","  84.1","23","  78.4","23","9999.9"," 0","012.5","23","  9.4","23","  2.4","23","  9.9","999.9","  93.2","*","  76.5","*","99.99"," ","999.9","010010"
"A0000953862","2019-08-12","30.07194","-83.57361","13.7","PERRY FOLEY AIRPORT, FL US","  83.2"," 4","  78.4"," 4","9999.9"," 0","010.8"," 4","  9.3"," 4","  7.2"," 4"," 11.1"," 15.0","  92.7","*","  78.8","*","99.99"," ","999.9","010010"
"A0000953862","2019-08-13","30.07194","-83.57361","13.7","PERRY FOLEY AIRPORT, FL US","  83.4","24","  78.0","24","9999.9"," 0","011.3","24","  9.9","24","  1.9","24","  9.9","999.9","  94.5","*","  76.1","*"," 0.00","I","999.9","000000"
"A0000953862","2019-08-14","30.07194","-83.57361","13.7","PERRY FOLEY AIRPORT, FL US","  85.0","24","  79.4","24","9999.9"," 0","011.4","24","  8.9","24","  2.9","24"," 11.1"," 15.9","  93.2","*","  77.9","*"," 0.00","I","999.9","000000"
"A0000953862","2019-08-15","30.07194","-83.57361","13.7","PERRY FOLEY AIRPORT, FL US","  81.2","24","  78.4","24","9999.9"," 0","011.9","24","  9.7","24","  2.5","24","  8.0","999.9","  89.6","*","  77.0","*","99.99"," ","999.9","010010"
"A0000953862","2019-08-16","30.07194","-83.57361","13.7","PERRY FOLEY AIRPORT, FL US","  79.7","24","  77.7","24","9999.9"," 0","012.8","24","  9.6","24","  1.8","24","  8.0","999.9","  85.5","*","  76.8","*","99.99"," ","999.9","010000"
"A0000953862","2019-08-17","30.07194","-83.57361","13.7","PERRY FOLEY AIRPORT, FL US","  78.8","24","  77.4","24","9999.9"," 0","014.4","24","  8.2","24","  4.0","24"," 12.0"," 17.1","  83.5","*","  74.3","*","99.99"," ","999.9","010010"
"A0000953862","2019-08-18","30.07194","-83.57361","13.7","PERRY FOLEY AIRPORT, FL US","  75.7","24","  74.8","24","9999.9"," 0","016.0","24","  5.9","24","  6.5","24"," 15.0"," 24.1","  77.7","*","  74.3","*","99.99"," ","999.9","010010"
"A0000953862","2019-08-19","30.07194","-83.57361","13.7","PERRY FOLEY AIRPORT, FL US","  77.5","24","  76.1","24","9999.9"," 0","016.5","24","  6.6","24","  4.6","24"," 11.1"," 19.0","  82.4","*","  74.1","*","99.99"," ","999.9","010010"
"A0000953862","2019-08-20","30.07194","-83.57361","13.7","PERRY FOLEY AIRPORT, FL US","  80.4","24","  75.8","24","9999.9"," 0","017.6","24","  8.0","24","  1.7","24"," 11.1"," 15.9","  90.1","*","  74.8","*","99.99"," ","999.9","010000"
"A0000953862","2019-08-21","30.07194","-83.57361","13.7","PERRY FOLEY AIRPORT, FL US","  81.2","24","  75.4","24","9999.9"," 0","017.5","24"," 10.0","24","  2.3","24","  8.9","999.9","  91.4","*","  73.6","*","99.99"," ","999.9","010010"
"A0000953862","2019-08-22","30.07194","-83.57361","13.7","PERRY FOLEY AIRPORT, FL US","  81.3","24","  76.3","24","9999.9"," 0","016.2","24","  9.4","24","  1.8","24"," 11.1","999.9","  92.5","*","  74.7","*","99.99"," ","999.9","010010"
"A0000953862","2019-08-23","30.07194","-83.57361","13.7","PERRY FOLEY AIRPORT, FL US","  82.9","24","  78.0","24","9999.9"," 0","015.0","24","  8.7","24","  1.4","24","  8.9","999.9","  93.6","*","  76.3","*","99.99"," ","999.9","010010"
"A0000953862","2019-08-24","30.07194","-83.57361","13.7","PERRY FOLEY AIRPORT, FL US","  83.5","24","  77.2","24","9999.9"," 0","013.6","24","  8.3","24","  1.0","24","  7.0","999.9","  96.3","*","  74.8","*","99.99"," ","999.9","010010"
"A0000953862","2019-08-25","30.07194","-83.57361","13.7","PERRY FOLEY AIRPORT, FL US","  81.8","24","  76.6","24","9999.9"," 0","013.5","24","  8.7","24","  4.3","24","  9.9"," 14.0","  92.5","*","  76.1","*","99.99"," ","999.9","110010"
"A0000953862","2019-08-26","30.07194","-83.57361","13.7","PERRY FOLEY AIRPORT, FL US","  80.0","24","  76.5","24","9999.9"," 0","013.6","24","  9.8","24","  4.1","24","  8.0","999.9","  87.1","*","  74.3","*","99.99"," ","999.9","010010"
"A0000953862","2019-08-27","30.07194","-83.57361","13.7","PERRY FOLEY AIRPORT, FL US","  80.2","24","  77.5","24","9999.9"," 0","013.5","24","  9.2","24","  2.6","24","  9.9","999.9","  88.3","*","  75.2","*","99.99"," ","999.9","010010"
"A0000953862","2019-08-28","30.07194","-83.57361","13.7","PERRY FOLEY AIRPORT, FL US","  81.3","24","  75.9","24","9999.9"," 0","012.2","24","  9.2","24","  3.2","24","  8.9","999.9","  92.8","*","  73.9","*"," 0.00","I","999.9","100000"
"A0000953862","2019-08-29","30.07194","-83.57361","13.7","PERRY FOLEY AIRPORT, FL US","  83.5","24","  74.4","24","9999.9"," 0","012.8","24","  9.5","24","  3.8","24","  8.9","999.9","  93.6","*","  74.3","*"," 0.00","I","999.9","000000"
"A0000953862","2019-08-30","30.07194","-83.57361","13.7","PERRY FOLEY AIRPORT, FL US","  82.2","24","  70.3","24","9999.9"," 0","014.2","24","  9.3","24","  5.0","24","  9.9"," 17.1","  92.3","*","  72.9","*"," 0.00","I","999.9","000000"
"A0000953862","2019-08-31","30.07194","-83.57361","13.7","PERRY FOLEY AIRPORT, FL US","  82.5","23","  75.8","23","9999.9"," 0","014.8","23"," 10.0","23","  4.4","23"," 13.0"," 27.0","  93.2","*","  76.6","*"," 0.00","I","999.9","000000"
"A0000953862","2019-09-01","30.07194","-83.57361","13.7","PERRY FOLEY AIRPORT, FL US","  82.7","20","  76.5","20","9999.9"," 0","014.4","20","  9.0","20","  5.4","20"," 12.0"," 19.0","  93.9","*","  76.1","*","99.99"," ","999.9","010010"
"A0000953862","2019-09-02","30.07194","-83.57361","13.7","PERRY FOLEY AIRPORT, FL US","  80.4","24","  76.6","24","9999.9"," 0","012.4","24","  9.9","24","  6.1","24"," 13.0"," 20.0","  89.8","*","  76.3","*","99.99"," ","999.9","010000"
"A0000953862","2019-09-03","30.07194","-83.57361","13.7","PERRY FOLEY AIRPORT, FL US","  80.9","24","  75.9","24","9999.9"," 0","010.7","24","  9.9","24","  5.9","24"," 12.0"," 19.0","  91.9","*","  75.4","*","99.99"," ","999.9","010000"
"A0000953862","2019-09-04","30.07194","-83.57361","13.7","PERRY FOLEY AIRPORT, FL US","  82.9","24","  74.7","24","9999.9"," 0","009.7","24"," 10.0","24","  7.2","24"," 15.0"," 24.1","  93.2","*","  75.7","*"," 0.00","I","999.9","000000"
"A0000953862","2019-09-05","30.07194","-83.57361","13.7","PERRY FOLEY AIRPORT, FL US","  84.1","24","  73.3","24","9999.9"," 0","010.0","24"," 10.0","24","  5.2","24"," 12.0"," 17.1","  96.4","*","  73.6","*"," 0.00","I","999.9","000000"
"A0000953862","2019-09-06","30.07194","-83.57361","13.7","PERRY FOLEY AIRPORT, FL US","  83.4","24","  72.4","24","9999.9"," 0","010.4","24","  9.9","24","  3.9","24","  8.9","999.9","  92.7","*","  71.2","*"," 0.00","I","999.9","000000"
"A0000953862","2019-09-07","30.07194","-83.57361","13.7","PERRY FOLEY AIRPORT, FL US","  80.1","24","  69.0","24","9999.9"," 0","011.8","24","  9.2","24","  1.3","24","  8.9"," 14.0","  95.5","*","  66.2","*"," 0.00","I","999.9","000000"
"A0000953862","2019-09-08","30.07194","-83.57361","13.7","PERRY FOLEY AIRPORT, FL US","  82.0","24","  73.8","24","9999.9"," 0","013.6","24","  8.1","24","  2.6","24","  8.9"," 14.0","  94.8","*","  71.8","*"," 0.00","I","999.9","100000"
"A0000953862","2019-09-09","30.07194","-83.57361","13.7","PERRY FOLEY AIRPORT, FL US","  82.2","24","  74.2","24","9999.9"," 0","016.9","24","  7.3","24","  1.3","24","  8.0","999.9","  94.5","*","  72.0","*"," 0.00","I","999.9","100000"
"A0000953862","2019-09-10","30.07194","-83.57361","13.7","PERRY FOLEY AIRPORT, FL US","  81.7","24","  74.0","24","9999.9"," 0","019.5","24","  7.8","24","  1.7","24","  8.0","999.9","  95.2","*","  71.8","*"," 0.00","I","999.9","100000"
"A0000953862","2019-09-11","30.07194","-83.57361","13.7","PERRY FOLEY AIRPORT, FL US","  82.1","24","  73.6","24","9999.9"," 0","020.0","24","  8.7","24","  3.7","24","  8.9","999.9","  93.2","*","  71.8","*"," 0.00","I","999.9","000000"
"A0000953862","2019-09-12","30.07194","-83.57361","13.7","PERRY FOLEY AIRPORT, FL US","  81.5","24","  71.7","24","9999.9"," 0","017.1","24","  9.3","24","  4.4","24"," 11.1"," 17.1","  93.7","*","  71.1","*"," 0.00","I","999.9","000000"
"A0000953862","2019-09-13","30.07194","-83.57361","13.7","PERRY FOLEY AIRPORT, FL US","  81.0","24","  72.4","24","9999.9"," 0","016.8","24","  8.9","24","  4.3","24","  9.9"," 15.0","  91.4","*","  72.9","*"," 0.00","I","999.9","000000"
"A0000953862","2019-09-14","30.07194","-83.57361","13.7","PERRY FOLEY AIRPORT, FL US","  81.5","24","  71.8","24","9999.9"," 0","017.0","24","  9.9","24","  6.7","24"," 14.0"," 20.0","  93.4","*","  72.1","*"," 0.00","I","999.9","000000"
"A0000953862","2019-09-15","30.07194","-83.57361","13.7","PERRY FOLEY AIRPORT, FL US","  82.3","24","  72.1","24","9999.9"," 0","014.9","24","  8.7","24","  6.3","24"," 12.0"," 18.1","  94.1","*","  74.3","*"," 0.00","I","999.9","000000"
"A0000953862","2019-09-16","30.07194","-83.57361","13.7","PERRY FOLEY AIRPORT, FL US","  81.5","24","  73.1","24","9999.9"," 0","014.3","24","  9.9","24","  2.6","24","  8.0","999.9","  93.0","*","  72.0","*"," 0.00","I","999.9","000000"
"A0000953862","2019-09-17","30.07194","-83.57361","13.7","PERRY FOLEY AIRPORT, FL US","  83.0","24","  70.4","24","9999.9"," 0","013.0","24","  8.4","24","  1.8","24","  8.0","999.9","  98.1","*","  71.4","*"," 0.00","I","999.9","100000"
"A0000953862","2019-09-18","30.07194","-83.57361","13.7","PERRY FOLEY AIRPORT, FL US","  81.1","24","  74.3","24","9999.9"," 0","012.8","24","  8.2","24","  2.5","24"," 17.1"," 32.1","  95.2","*","  71.6","*","99.99"," ","999.9","010010"
"A0000953862","2019-09-19","30.07194","-83.57361","13.7","PERRY FOLEY AIRPORT, FL US","  77.3","24","  68.2","24","9999.9"," 0","016.2","24","  9.8","24","  5.7","24"," 13.0"," 19.0","  87.1","*","  70.5","*"," 0.00","I","999.9","000000"
"A0000953862","2019-09-20","30.07194","-83.57361","13.7","PERRY FOLEY AIRPORT, FL US","  77.4","24","  65.3","24","9999.9"," 0","018.9","24"," 10.0","24","  6.7","24"," 12.0"," 19.0","  89.8","*","  67.1","*"," 0.00","I","999.9","000000"
"A0000953862","2019-09-21","30.07194","-83.57361","13.7","PERRY FOLEY AIRPORT, FL US","  77.4","24","  66.2","24","9999.9"," 0","020.6","24"," 10.0","24","  5.1","24"," 11.1"," 15.9","  88.9","*","  68.5","*"," 0.00","I","999.9","000000"
"A0000953862","2019-09-22","30.07194","-83.57361","13.7","PERRY FOLEY AIRPORT, FL US","  77.7","24","  66.1","24","9999.9"," 0","019.3","24"," 10.0","24","  4.7","24","  9.9"," 15.0","  90.1","*","  64.4","*"," 0.00","I","999.9","000000"
"A0000953862","2019-09-23","30.07194","-83.57361","13.7","PERRY FOLEY AIRPORT, FL US","  77.5","24","  65.9","24","9999.9"," 0","016.9","24","  9.0","24","  2.8","24"," 11.1"," 15.0","  90.5","*","  63.7","*"," 0.00","I","999.9","100000"
"A0000953862","2019-09-24","30.07194","-83.57361","13.7","PERRY FOLEY AIRPORT, FL US","  76.3","24","  66.5","24","9999.9"," 0","012.6","24","  9.1","24","  2.1","24","  9.9","999.9","  93.4","*","  62.8","*"," 0.00","I","999.9","100000"
"A0000953862","2019-09-25","30.07194","-83.57361","13.7","PERRY FOLEY AIRPORT, FL US","  80.6","24","  73.8","24","9999.9"," 0","010.7","24","  7.9","24","  2.9","24","  8.9","999.9","  94.5","*","  71.4","*"," 0.00","I","999.9","100000"
"A0000953862","2019-09-26","30.07194","-83.57361","13.7","PERRY FOLEY AIRPORT, FL US","  82.6","24","  76.2","24","9999.9"," 0","011.2","24","  7.3","24","  3.2","24","  9.9"," 15.0","  94.6","*","  73.9","*"," 0.00","I","999.9","100000"
"A0000953862","2019-09-27","30.07194","-83.57361","13.7","PERRY FOLEY AIRPORT, FL US","  82.0","24","  76.0","24","9999.9"," 0","012.5","24","  7.1","24","  2.2","24","  8.9","999.9","  91.9","*","  73.8","*"," 0.00","I","999.9","100000"
"A0000953862","2019-09-28","30.07194","-83.57361","13.7","PERRY FOLEY AIRPORT, FL US","  81.4","24","  72.2","24","9999.9"," 0","016.2","24","  8.8","24","  2.9","24","  8.0","999.9","  93.2","*","  72.3","*"," 0.00","I","999.9","000000"
"A0000953862","2019-09-29","30.07194","-83.57361","13.7","PERRY FOLEY AIRPORT, FL US","  80.0","24","  70.0","24","9999.9"," 0","018.7","24","  9.9","24","  3.9","24","  8.0","999.9","  92.3","*","  68.5","*"," 0.00","I","999.9","000000"
"A0000953862","2019-09-30","30.07194","-83.57361","13.7","PERRY FOLEY AIRPORT, FL US","  76.6","12","  72.0","12","9999.9"," 0","018.3","12","  8.1","12","  1.9","12","  8.0","999.9","  82.2","*","  69.4","*"," 0.00","I","999.9","100000"
"A0000953862","2019-10-01","30.07194","-83.57361","13.7","PERRY FOLEY AIRPORT, FL US","  79.7","24","  72.0","24","9999.9"," 0","015.6","24","  9.3","24","  4.0","24"," 14.0"," 27.0","  93.6","*","  70.7","*","99.99"," ","999.9","010000"
"A0000953862","2019-10-02","30.07194","-83.57361","13.7","PERRY FOLEY AIRPORT, FL US","  79.3","24","  72.0","24","9999.9"," 0","014.4","24","  8.5","24","  3.4","24","  8.0","999.9","  92.7","*","  70.9","*"," 0.00","I","999.9","000000"
"A0000953862","2019-10-03","30.07194","-83.57361","13.7","PERRY FOLEY AIRPORT, FL US","  80.1","24","  69.7","24","9999.9"," 0","014.4","24","  8.0","24","  2.4","24","  8.0","999.9","  93.6","*","  65.8","*"," 0.00","I","999.9","100000"
"A0000953862","2019-10-04","30.07194","-83.57361","13.7","PERRY FOLEY AIRPORT, FL US","  77.3","24","  69.4","24","9999.9"," 0","014.8","24","  6.7","24","  1.7","24","  7.0","999.9","  93.6","*","  63.9","*"," 0.00","I","999.9","100000"
"A0000953862","2019-10-05","30.07194","-83.57361","13.7","PERRY FOLEY AIRPORT, FL US","  77.9","24","  70.1","24","9999.9"," 0","014.5","24","  6.5","24","  2.8","24","  9.9","999.9","  92.1","*","  68.0","*"," 0.00","I","999.9","100000"
"A0000953862","2019-10-06","30.07194","-83.57361","13.7","PERRY FOLEY AIRPORT, FL US","  80.0","24","  70.5","24","9999.9"," 0","015.8","24","  9.9","24","  6.0","24"," 15.0"," 26.0","  91.4","*","  71.8","*"," 0.00","I","999.9","000000"
"A0000953862","2019-10-07","30.07194","-83.57361","13.7","PERRY FOLEY AIRPORT, FL US","  76.3","24","  72.3","24","9999.9"," 0","014.0","24","  9.9","24","  5.4","24","  8.9"," 15.0","  82.8","*","  71.2","*","99.99"," ","999.9","010000"
"A0000953862","2019-10-08","30.07194","-83.57361","13.7","PERRY FOLEY AIRPORT, FL US","  77.4","24","  71.3","24","9999.9"," 0","012.0","24"," 10.0","24","  4.8","24"," 11.1"," 15.0","  88.2","*","  71.1","*"," 0.00","I","999.9","000000"
"A0000953862","2019-10-09","30.07194","-83.57361","13.7","PERRY FOLEY AIRPORT, FL US","  77.4","24","  69.9","24","9999.9"," 0","014.2","24","  9.5","24","  5.3","24"," 14.0"," 18.1","  86.5","*","  70.9","*"," 0.00","I","999.9","000000"
"A0000953862","2019-10-10","30.07194","-83.57361","13.7","PERRY FOLEY AIRPORT, FL US","  75.2","17","  64.0","17","9999.9"," 0","015.6","17"," 10.0","17","  5.7","17"," 12.0"," 19.0","  88.3","*","  65.5","*"," 0.00","I","999.9","000000"
"A0000953862","2019-10-11","30.07194","-83.57361","13.7","PERRY FOLEY AIRPORT, FL US","  74.2","24","  61.6","24","9999.9"," 0","016.1","24"," 10.0","24","  4.5","24","  8.9"," 14.0","  86.5","*","  63.5","*"," 0.00","I","999.9","000000"
"A0000953862","2019-10-12","30.07194","-83.57361","13.7","PERRY FOLEY AIRPORT, FL US","  72.6","24","  60.6","24","9999.9"," 0","015.5","24","  9.0","24","  2.7","24","  8.0","999.9","  87.3","*","  57.6","*"," 0.00","I","999.9","100000"
"A0000953862","2019-10-13","30.07194","-83.57361","13.7","PERRY FOLEY AIRPORT, FL US","  74.5","24","  67.2","24","9999.9"," 0","015.4","24","  9.5","24","  3.9","24"," 11.1","999.9","  87.8","*","  64.4","*"," 0.00","I","999.9","000000"
"A0000953862","2019-10-14","30.07194","-83.57361","13.7","PERRY FOLEY AIRPORT, FL US","  75.7","24","  68.5","24","9999.9"," 0","015.9","24","  9.1","24","  1.0","24","  8.9","999.9","  89.6","*","  65.5","*"," 0.00","I","999.9","000000"
"A0000953862","2019-10-15","30.07194","-83.57361","13.7","PERRY FOLEY AIRPORT, FL US","  77.5","24","  72.1","24","9999.9"," 0","015.6","24"," 10.0","24","  2.1","24","  8.9","999.9","  86.2","*","  72.1","*","99.99"," ","999.9","010000"
"A0000953862","2019-10-16","30.07194","-83.57361","13.7","PERRY FOLEY AIRPORT, FL US","  78.4","24","  73.6","24","9999.9"," 0","010.6","24","  9.5","24","  6.9","24"," 14.0"," 21.0","  87.3","*","  71.6","*","99.99"," ","999.9","010010"
"A0000953862","2019-10-17","30.07194","-83.57361","13.7","PERRY FOLEY AIRPORT, FL US","  67.8","24","  58.0","24","9999.9"," 0","012.4","24"," 10.0","24","  3.7","24","  8.9"," 14.0","  74.8","*","  58.3","*"," 0.00","I","999.9","000000"
"A0000953862","2019-10-18","30.07194","-83.57361","13.7","PERRY FOLEY AIRPORT, FL US","  61.7","24","  55.7","24","9999.9"," 0","012.6","24","  9.7","24","  2.7","24","  7.0","999.9","  66.6","*","  58.5","*","99.99"," ","999.9","010000"
"A0000953862","2019-10-19","30.07194","-83.57361","13.7","PERRY FOLEY AIRPORT, FL US","  71.4","24","  69.8","24","9999.9"," 0","006.1","24","  8.8","24"," 10.5","24"," 18.1"," 24.1","  81.7","*","  60.3","*","99.99"," ","999.9","010000"
"A0000953862","2019-10-20","30.07194","-83.57361","13.7","PERRY FOLEY AIRPORT, FL US","  71.6","24","  66.5","24","9999.9"," 0","009.4","24","  9.9","24","  6.9","24"," 17.1"," 22.9","  80.1","*","  64.8","*","99.99"," ","999.9","010000"
"A0000953862","2019-10-21","30.07194","-83.57361","13.7","PERRY FOLEY AIRPORT, FL US","  69.6","24","  66.8","24","9999.9"," 0","013.3","24","  6.8","24","  2.3","24","  8.9"," 14.0","  80.4","*","  61.3","*","99.99"," ","999.9","110010"
"A0000953862","2019-10-22","30.07194","-83.57361","13.7","PERRY FOLEY AIRPORT, FL US","  76.8","24","  73.8","24","9999.9"," 0","013.0","24","  8.7","24","  4.4","24","  8.9"," 21.0","  84.4","*","  72.1","*","99.99"," ","999.9","010000"
"A0000953862","2019-10-23","30.07194","-83.57361","13.7","PERRY FOLEY AIRPORT, FL US","  64.7","24","  48.4","24","9999.9"," 0","017.7","24"," 10.0","24","  5.4","24","  9.9"," 17.1","  76.1","*","  52.9","*"," 0.00","I","999.9","000000"
"A0000953862","2019-10-24","30.07194","-83.57361","13.7","PERRY FOLEY AIRPORT, FL US","  68.6","24","  58.7","24","9999.9"," 0","018.5","24"," 10.0","24","  4.4","24","  8.9","999.9","  86.2","*","  59.2","*"," 0.00","I","999.9","000000"
"A0000953862","2019-10-25","30.07194","-83.57361","13.7","PERRY FOLEY AIRPORT, FL US","  78.1","24","  71.4","24","9999.9"," 0","017.3","24"," 10.0","24","  6.4","24"," 12.0"," 19.0","  89.1","*","  71.8","*"," 0.00","I","999.9","000000"
"A0000953862","2019-10-26","30.07194","-83.57361","13.7","PERRY FOLEY AIRPORT, FL US","  79.0","24","  72.4","24","9999.9"," 0","012.9","24"," 10.0","24","  8.3","24"," 17.1"," 25.1","  88.5","*","  72.5","*"," 0.00","I","999.9","000000"
"A0000953862","2019-10-27","30.07194","-83.57361","13.7","PERRY FOLEY AIRPORT, FL US","  78.7","24","  74.5","24","9999.9"," 0","012.0","24","  9.4","24","  5.8","24"," 11.1"," 15.0","  84.6","*","  73.4","*","99.99"," ","999.9","010010"
"A0000953862","2019-10-28","30.07194","-83.57361","13.7","PERRY FOLEY AIRPORT, FL US","  73.8","24","  69.6","24","9999.9"," 0","015.4","24","  6.9","24","  0.5","24","  7.0","999.9","  84.9","*","  66.2","*"," 0.00","I","999.9","100000"
"A0000953862","2019-10-29","30.07194","-83.57361","13.7","PERRY FOLEY AIRPORT, FL US","  77.7","24","  74.6","24","9999.9"," 0","016.6","24","  9.3","24","  2.2","24"," 13.0","999.9","  89.4","*","  73.4","*","99.99"," ","999.9","010010"
"A0000953862","2019-10-30","30.07194","-83.57361","13.7","PERRY FOLEY AIRPORT, FL US","  77.7","24","  72.9","24","9999.9"," 0","016.8","24","  6.3","24","  4.9","24"," 12.0"," 15.9","  89.1","*","  71.6","*"," 0.00","I","999.9","000000"
"A0000953862","2019-10-31","30.07194","-83.57361","13.7","PERRY FOLEY AIRPORT, FL US","  77.1","24","  73.4","24","9999.9"," 0","014.6","24","  7.4","24","  4.9","24"," 15.0"," 21.0","  87.1","*","  70.2","*","99.99"," ","999.9","110000"
"A0000953862","2019-11-01","30.07194","-83.57361","13.7","PERRY FOLEY AIRPORT, FL US","  57.9","21","  47.1","21","9999.9"," 0","019.7","21"," 10.0","21","  8.6","21"," 15.9"," 21.0","  74.5","*","  43.7","*"," 0.00","I","999.9","000000"
"A0000953862","2019-11-02","30.07194","-83.57361","13.7","PERRY FOLEY AIRPORT, FL US","  58.1","24","  46.8","24","9999.9"," 0","019.5","24"," 10.0","24","  4.4","24","  8.0","999.9","  72.3","*","  49.5","*"," 0.00","I","999.9","000000"
"A0000953862","2019-11-03","30.07194","-83.57361","13.7","PERRY FOLEY AIRPORT, FL US","  57.7","24","  44.1","24","9999.9"," 0","019.5","24"," 10.0","24","  4.8","24","  8.9","999.9","  72.5","*","  43.7","*"," 0.00","I","999.9","000000"
"A0000953862","2019-11-04","30.07194","-83.57361","13.7","PERRY FOLEY AIRPORT, FL US","  65.4","24","  57.2","24","9999.9"," 0","018.8","24"," 10.0","24","  5.6","24","  8.0","999.9","  82.6","*","  55.6","*"," 0.00","I","999.9","000000"
"A0000953862","2019-11-05","30.07194","-83.57361","13.7","PERRY FOLEY AIRPORT, FL US","  71.4","24","  68.3","24","9999.9"," 0","018.4","24","  9.0","24","  2.7","24","  5.1","999.9","  78.1","*","  65.7","*"," 0.00","I","999.9","100000"
"A0000953862","2019-11-06","30.07194","-83.57361","13.7","PERRY FOLEY AIRPORT, FL US","  73.6","24","  68.1","24","9999.9"," 0","021.2","24","  7.8","24","  4.2","24"," 11.1"," 15.0","  82.9","*","  68.9","*"," 0.00","I","999.9","000000"
"A0000953862","2019-11-07","30.07194","-83.57361","13.7","PERRY FOLEY AIRPORT, FL US","  73.0","24","  68.3","24","9999.9"," 0","020.2","24"," 10.0","24","  3.4","24","  7.0","999.9","  82.4","*","  67.1","*"," 0.00","I","999.9","000000"
"A0000953862","2019-11-08","30.07194","-83.57361","13.7","PERRY FOLEY AIRPORT, FL US","  67.3","24","  64.8","24","9999.9"," 0","016.1","24","  7.1","24","  3.8","24"," 14.0"," 20.0","  73.2","*","  62.6","*","99.99"," ","999.9","110000"
"A0000953862","2019-11-09","30.07194","-83.57361","13.7","PERRY FOLEY AIRPORT, FL US","  58.2","24","  50.3","24","9999.9"," 0","019.1","24"," 10.0","24","  6.6","24"," 12.0"," 15.9","  67.6","*","  48.6","*","99.99"," ","999.9","010000"
"A0000953862","2019-11-10","30.07194","-83.57361","13.7","PERRY FOLEY AIRPORT, FL US","  54.3","24","  42.1","24","9999.9"," 0","021.1","24"," 10.0","24","  3.5","24","  8.0","999.9","  70.9","*","  42.8","*"," 0.00","I","999.9","000000"
"A0000953862","2019-11-11","30.07194","-83.57361","13.7","PERRY FOLEY AIRPORT, FL US","  60.2","24","  52.3","24","9999.9"," 0","019.1","24","  9.9","24","  1.4","24","  5.1","999.9","  80.2","*","  47.7","*"," 0.00","I","999.9","000000"
"A0000953862","2019-11-12","30.07194","-83.57361","13.7","PERRY FOLEY AIRPORT, FL US","  61.5","24","  59.4","24","9999.9"," 0","014.2","24","  8.6","24","  4.8","24"," 14.0"," 25.1","  76.8","*","  50.0","*","99.99"," ","999.9","010000"
"A0000953862","2019-11-13","30.07194","-83.57361","13.7","PERRY FOLEY AIRPORT, FL US","  46.3","24","  35.3","24","9999.9"," 0","020.6","24"," 10.0","24","  9.5","24"," 14.0"," 24.1","  57.0","*","  35.8","*"," 0.00","I","999.9","000000"
"A0000953862","2019-11-14","30.07194","-83.57361","13.7","PERRY FOLEY AIRPORT, FL US","  49.0","24","  42.9","24","9999.9"," 0","020.8","24","  9.5","24","  7.5","24","  9.9"," 15.9","  54.7","*","  44.8","*","99.99"," ","999.9","010000"
"A0000953862","2019-11-15","30.07194","-83.57361","13.7","PERRY FOLEY AIRPORT, FL US","  51.0","24","  50.0","24","9999.9"," 0","016.0","24","  7.2","24","  6.3","24"," 11.1"," 15.9","  53.6","*","  47.3","*","99.99"," ","999.9","010000"
"A0000953862","2019-11-16","30.07194","-83.57361","13.7","PERRY FOLEY AIRPORT, FL US","  51.1","24","  49.4","24","9999.9"," 0","013.5","24","  8.2","24","  7.6","24"," 13.0"," 18.1","  52.9","*","  49.1","*","99.99"," ","999.9","010000"
"A0000953862","2019-11-17","30.07194","-83.57361","13.7","PERRY FOLEY AIRPORT, FL US","  54.2","24","  47.7","24","9999.9"," 0","013.8","24","  9.7","24","  4.7","24"," 12.0"," 15.9","  66.4","*","  45.0","*"," 0.00","I","999.9","000000"
"A0000953862","2019-11-18","30.07194","-83.57361","13.7","PERRY FOLEY AIRPORT, FL US","  59.3","24","  53.0","24","9999.9"," 0","010.2","24","  9.4","24","  2.5","24"," 11.1","999.9","  70.9","*","  51.8","*"," 0.00","I","999.9","100000"
"A0000953862","2019-11-19","30.07194","-83.57361","13.7","PERRY FOLEY AIRPORT, FL US","  51.9"," 9","  49.6"," 9","9999.9"," 0","010.0"," 9","  9.0"," 9","  0.3"," 9","  2.9","999.9","  55.4","*","  47.8","*"," 0.00","I","999.9","100000"
"A0000953862","2019-11-20","30.07194","-83.57361","13.7","PERRY FOLEY AIRPORT, FL US","  53.7","24","  43.9","24","9999.9"," 0","017.6","24","  6.2","24","  1.8","24","  8.0","999.9","  72.1","*","  39.4","*"," 0.00","I","999.9","100000"
"A0000953862","2019-11-23","30.07194","-83.57361","13.7","PERRY FOLEY AIRPORT, FL US","  70.3","13","  61.9","13","9999.9"," 0","012.8","13"," 10.0","13","  7.8","13"," 14.0"," 22.9","  78.1","*","  54.9","*"," 0.00","I","999.9","000000"
"A0000953862","2019-11-24","30.07194","-83.57361","13.7","PERRY FOLEY AIRPORT, FL US","  66.5"," 9","  65.0"," 9","9999.9"," 0","010.4"," 9","  9.4"," 9","  7.9"," 9"," 14.0"," 22.0","  72.1","*","  57.0","*","99.99"," ","999.9","010000"
"A0000953862","2019-11-28","30.07194","-83.57361","13.7","PERRY FOLEY AIRPORT, FL US","  72.5"," 6","  41.1"," 6","9999.9"," 0","020.4"," 6"," 10.0"," 6","  3.2"," 6","  7.0","999.9","  77.4","*","  60.1","*"," 0.00","I","999.9","000000"
"A0000953862","2019-11-29","30.07194","-83.57361","13.7","PERRY FOLEY AIRPORT, FL US","  59.1","24","  45.9","24","9999.9"," 0","021.0","24"," 10.0","24","  1.3","24","  5.1","999.9","  76.6","*","  44.2","*"," 0.00","I","999.9","000000"
"A0000953862","2019-11-30","30.07194","-83.57361","13.7","PERRY FOLEY AIRPORT, FL US","  54.6"," 8","  51.6"," 8","9999.9"," 0","018.5"," 8","  9.6"," 8","  0.0"," 8","999.9","999.9","  59.9","*","  50.0","*"," 0.00","I","999.9","000000"
"A0000953862","2019-12-01","30.07194","-83.57361","13.7","PERRY FOLEY AIRPORT, FL US","  72.4","24","  69.0","24","9999.9"," 0","010.4","24","  9.5","24","  9.5","24"," 22.9"," 32.1","  81.0","*","  67.1","*","99.99"," ","999.9","010000"
"A0000953862","2019-12-02","30.07194","-83.57361","13.7","PERRY FOLEY AIRPORT, FL US","  57.3","24","  40.2","24","9999.9"," 0","011.5","24"," 10.0","24"," 10.2","24"," 15.9"," 22.0","  68.0","*","  44.4","*"," 0.00","I","999.9","000000"
"A0000953862","2019-12-03","30.07194","-83.57361","13.7","PERRY FOLEY AIRPORT, FL US","  41.2","24","  32.9","24","9999.9"," 0","015.3","24"," 10.0","24","  3.2","24"," 11.1"," 15.0","  55.0","*","  28.4","*"," 0.00","I","999.9","000000"
"A0000953862","2019-12-04","30.07194","-83.57361","13.7","PERRY FOLEY AIRPORT, FL US","  45.8","24","  36.6","24","9999.9"," 0","013.2","24","  9.5","24","  3.3","24"," 11.1"," 15.9","  66.6","*","  31.5","*"," 0.00","I","999.9","000000"
"A0000953862","2019-12-05","30.07194","-83.57361","13.7","PERRY FOLEY AIRPORT, FL US","  50.7","24","  38.5","24","9999.9"," 0","017.1","24","  8.0","24","  1.4","24","  8.0","999.9","  71.1","*","  35.8","*"," 0.00","I","999.9","100000"
"A0000953862","2019-12-06","30.07194","-83.57361","13.7","PERRY FOLEY AIRPORT, FL US","  52.1","24","  41.2","24","9999.9"," 0","020.7","24","  9.1","24","  1.1","24"," 11.1"," 14.0","  72.1","*","  36.9","*"," 0.00","I","999.9","000000"
"A0000953862","2019-12-07","30.07194","-83.57361","13.7","PERRY FOLEY AIRPORT, FL US","  56.8","24","  49.8","24","9999.9"," 0","020.0","24"," 10.0","24","  1.5","24","  6.0","999.9","  67.5","*","  48.0","*"," 0.00","I","999.9","000000"
"A0000953862","2019-12-08","30.07194","-83.57361","13.7","PERRY FOLEY AIRPORT, FL US","  62.8","24","  56.7","24","9999.9"," 0","021.0","24"," 10.0","24","  5.8","24"," 12.0"," 17.1","  76.1","*","  55.4","*"," 0.00","I","999.9","000000"
"A0000953862","2019-12-09","30.07194","-83.57361","13.7","PERRY FOLEY AIRPORT, FL US","  67.8","24","  63.4","24","9999.9"," 0","017.8","24"," 10.0","24","  7.8","24"," 17.1"," 22.9","  78.1","*","  60.8","*"," 0.00","I","999.9","000000"
"A0000953862","2019-12-10","30.07194","-83.57361","13.7","PERRY FOLEY AIRPORT, FL US","  70.9","24","  67.7","24","9999.9"," 0","017.1","24","  8.5","24","  4.9","24"," 12.0"," 15.9","  80.4","*","  62.8","*","99.99"," ","999.9","110000"
"A0000953862","2019-12-11","30.07194","-83.57361","13.7","PERRY FOLEY AIRPORT, FL US","  61.0","24","  57.2","24","9999.9"," 0","021.5","24","  8.5","24","  7.4","24"," 14.0"," 20.0","  71.8","*","  51.8","*","99.99"," ","999.9","010000"
"A0000953862","2019-12-12","30.07194","-83.57361","13.7","PERRY FOLEY AIRPORT, FL US","  55.0","24","  49.8","24","9999.9"," 0","025.9","24","  9.6","24","  9.4","24"," 13.0"," 20.0","  64.0","*","  49.1","*","99.99"," ","999.9","010000"
"A0000953862","2019-12-13","30.07194","-83.57361","13.7","PERRY FOLEY AIRPORT, FL US","  57.2","24","  55.9","24","9999.9"," 0","016.2","24","  6.4","24","  4.6","24"," 11.1"," 15.0","  60.1","*","  54.0","*","99.99"," ","999.9","110000"
"A0000953862","2019-12-14","30.07194","-83.57361","13.7","PERRY FOLEY AIRPORT, FL US","  60.2","24","  56.1","24","9999.9"," 0","007.6","24","  7.5","24","  5.1","24"," 13.0"," 18.1","  67.1","*","  55.2","*","99.99"," ","999.9","110010"
"A0000953862","2019-12-15","30.07194","-83.57361","13.7","PERRY FOLEY AIRPORT, FL US","  53.9","24","  47.7","24","9999.9"," 0","017.1","24","  5.3","24","  0.8","24","  6.0","999.9","  73.4","*","  41.0","*"," 0.00","I","999.9","100000"
"A0000953862","2019-12-16","30.07194","-83.57361","13.7","PERRY FOLEY AIRPORT, FL US","  60.1","24","  55.5","24","9999.9"," 0","019.3","24","  7.0","24","  3.6","24"," 11.1","999.9","  79.5","*","  47.3","*"," 0.00","I","999.9","100000"
"A0000953862","2019-12-17","30.07194","-83.57361","13.7","PERRY FOLEY AIRPORT, FL US","  68.2","24","  66.8","24","9999.9"," 0","013.2","24","  6.5","24","  4.8","24"," 14.0"," 28.0","  76.8","*","  61.0","*","99.99"," ","999.9","010000"
"A0000953862","2019-12-18","30.07194","-83.57361","13.7","PERRY FOLEY AIRPORT, FL US","  50.2","24","  41.0","24","9999.9"," 0","016.5","24","  9.1","24"," 10.5","24"," 15.9"," 22.0","  66.4","*","  41.0","*"," 0.00","I","999.9","000000"
"A0000953862","2019-12-19","30.07194","-83.57361","13.7","PERRY FOLEY AIRPORT, FL US","  44.1","24","  31.2","24","9999.9"," 0","025.0","24"," 10.0","24","  5.3","24"," 11.1"," 15.0","  60.4","*","  32.0","*"," 0.00","I","999.9","000000"
"A0000953862","2019-12-20","30.07194","-83.57361","13.7","PERRY FOLEY AIRPORT, FL US","  50.4","24","  39.8","24","9999.9"," 0","027.0","24"," 10.0","24","  6.6","24"," 12.0"," 18.1","  68.0","*","  39.6","*"," 0.00","I","999.9","000000"
"A0000953862","2019-12-21","30.07194","-83.57361","13.7","PERRY FOLEY AIRPORT, FL US","  58.5","24","  49.8","24","9999.9"," 0","025.0","24"," 10.0","24","  7.0","24","  9.9"," 18.1","  68.9","*","  51.8","*"," 0.00","I","999.9","000000"
"A0000953862","2019-12-22","30.07194","-83.57361","13.7","PERRY FOLEY AIRPORT, FL US","  62.2","24","  60.4","24","9999.9"," 0","017.5","24","  9.2","24","  7.8","24"," 13.0"," 21.0","  66.4","*","  59.0","*","99.99"," ","999.9","010000"
"A0000953862","2019-12-23","30.07194","-83.57361","13.7","PERRY FOLEY AIRPORT, FL US","  58.2","24","  57.0","24","9999.9"," 0","008.6","24","  6.7","24","  3.2","24"," 15.9"," 22.0","  66.6","*","  49.1","*","99.99"," ","999.9","110000"
"A0000953862","2019-12-24","30.07194","-83.57361","13.7","PERRY FOLEY AIRPORT, FL US","  58.0","24","  56.0","24","9999.9"," 0","008.9","24","  8.1","24","  5.6","24"," 11.1"," 19.0","  67.6","*","  50.2","*","99.99"," ","999.9","010000"
"A0000953862","2019-12-25","30.07194","-83.57361","13.7","PERRY FOLEY AIRPORT, FL US","  63.2","24","  57.0","24","9999.9"," 0","014.4","24","  9.7","24","  4.5","24","  8.9","999.9","  76.1","*","  55.0","*"," 0.00","I","999.9","000000"
"A0000953862","2019-12-26","30.07194","-83.57361","13.7","PERRY FOLEY AIRPORT, FL US","  63.5","24","  56.5","24","9999.9"," 0","018.1","24","  9.9","24","  5.0","24","  8.9","999.9","  76.1","*","  52.0","*"," 0.00","I","999.9","000000"
"A0000953862","2019-12-27","30.07194","-83.57361","13.7","PERRY FOLEY AIRPORT, FL US","  68.3","24","  61.1","24","9999.9"," 0","019.5","24","  8.9","24","  4.6","24","  8.9"," 18.1","  80.6","*","  57.6","*"," 0.00","I","999.9","100000"
"A0000953862","2019-12-28","30.07194","-83.57361","13.7","PERRY FOLEY AIRPORT, FL US","  70.8","24","  66.3","24","9999.9"," 0","018.0","24","  8.7","24","  4.9","24","  8.0"," 15.0","  77.5","*","  66.4","*","99.99"," ","999.9","010000"
"A0000953862","2019-12-29","30.07194","-83.57361","13.7","PERRY FOLEY AIRPORT, FL US","  72.2","24","  70.1","24","9999.9"," 0","014.9","24","  9.6","24","  5.9","24"," 15.0"," 18.1","  78.6","*","  69.8","*","99.99"," ","999.9","010000"
"A0000953862","2019-12-30","30.07194","-83.57361","13.7","PERRY FOLEY AIRPORT, FL US","  71.1","24","  66.5","24","9999.9"," 0","011.9","24","  9.0","24","  6.9","24"," 17.1"," 25.1","  74.8","*","  61.2","*","99.99"," ","999.9","010000"
"A0000953862","2019-12-31","30.07194","-83.57361","13.7","PERRY FOLEY AIRPORT, FL US","  53.9","23","  42.0","23","9999.9"," 0","016.5","23"," 10.0","23","  4.4","23"," 11.1"," 15.9","  65.7","*","  41.7","*"," 0.00","I","999.9","000000"
